대상유형,지역,제목,detail_url,신청기간,신청방법,접수기관,지원형태,지원대상,지원내용,문의처,기타,카테고리_분류,지원형태_분류,지원대상_원문,지원대상_초벌요약,지원내용_원문,지원내용_초벌요약,age_eff_ranges,age_has_rule,target_labels,support_labels,category_labels,is_financial_benefit,is_direct_cash,has_medical,has_housing,has_service,is_always_open,has_online_apply,summary_len,raw_text_len,summary_compression_rate,amount_proxy_million
한부모,강원특별자치도,강릉의료원 보건의료 복지 통합지원 서비스,https://www.gov.kr/portal/rcvfvrSvc/dtlEx/O00037300001?administOrgCd=ALL,상시신청,"○ 기타
 - 전자공문",,"현금(감면), 서비스(의료)","지원대상
○ 국민기초생활수급자(생계, 의료, 주거, 교육 급여)

○ 차상위계층

○ 가구건강보험료 본인부담금 합산액이 기준 중위소득 80% 이하","지원내용
○ 의료비 지원
 - 질병치료와 관련한 강릉의료원 의료서비스 이용시 급여 본인부담금 지원
 ㆍ 지원 제외 : 비급여, 선택진료료, 간병비, 미용목적, 의사의 소견이 없으며 질병치료와 관련없는 본인이 원하는 검사 및 치료 등
 - 지자체(시청, 주민센터), 보건소에서 지원이 필요하다고 판단하여 서비스 지원을 의뢰·신청 필요(공문, 신청서, 증빙자료 제출 필요)

○ 만성질환 관리 및 모니터링
 - 등록 대상 중 만성질환자에 대한 지속적인 질병관리 및 모니터링

○ 지역사회 자원연계
 - 본병원내에서 진행되는 공공의료 사업 외 기타 보건·의료·복지 서비스가 필요한 자에 대해 외부 기관의 지원 사업 연계",보건의료복지통합지원팀 (☎033-610-1492),,취약계층,"직접금전지원,감면할인지원,의료지원,서비스","(1) 국민기초생활수급자 ( 생계, 의료, 주거, 교육 급여 )
(2) 차상위계층
(3) 가구건강보험료 본인부담금 합산액이 기준 중위소득 80% 이하","국민기초생활수급자 ( 생계, 의료, 주거, 교육 급여 ) 차상위계층 가구건강보험료 본인부담금 합산액이 기준 중위소득 80% 이하이다.","(1) 의료비 지원
 - 질병치료와 관련한 강릉의료원 의료서비스 이용시 급여 본인부담금 지원
 ㆍ 지원 제외 : 비급여, 선택진료료, 간병비, 미용목적, 의사의 소견이 없으며 질병치료와 관련없는 본인이 원하는 검사 및 치료 등
 - 지자체 ( 시청, 주민센터 ) , 보건소에서 지원이 필요하다고 판단하여 서비스 지원을 의뢰·신청 필요 ( 공문, 신청서, 증빙자료 제출 필요 )

(2) 만성질환 관리 및 모니터링
 - 등록 대상 중 만성질환자에 대한 지속적인 질병관리 및 모니터링

(3) 지역사회 자원연계
 - 본병원내에서 진행되는 공공의료 사업 외 기타 보건·의료·복지 서비스가 필요한 자에 대해 외부 기관의 지원 사업 연계",의료비 및 만성질환 관리 및 모니터링,[],False,['한부모'],"['직접금전지원', '감면할인지원', '의료지원', '서비스']",['취약계층'],True,True,True,False,True,True,True,95,425,0.7764705882352941,
한부모,강원특별자치도,강원형 수선유지 주거급여 지원,https://www.gov.kr/portal/rcvfvrSvc/dtlEx/642000000678?administOrgCd=ALL,접수기관 별 상이,"○ 방문 신청
 - 주민센터 : 주소지 읍면동 주민센터에 방문 신청
 - 시군 : 주소지 시군 방문 신청","주민센터,시·군·구청",현물,"지원대상
○ 기준 중위소득 50%이하 차상위계층 중 고령자, 장애인, 소년·소녀가정, 다자녀 가정, 한부모가족 등","지원내용
○ 지원대상
 - 기준 중위소득 50%이하 차상위계층 중 고령자, 장애인, 소년·소녀가정, 다자녀 가정, 한부모가족 등
 - 자가 및 임차가구(임대인이 주택수선 후 4년 이상 임대를 동의한 경우)

○ 지원내용
 - 도배·장판교체, 보일러·담장·벽체수리, 지붕·화장실 개선, 소방시설 등 

 - 가구당 최대 4백만원 지원",건축과 (☎033-249-3464),,"한부모,고령자,취약계층","주거지원,물품지원","(1) 기준 중위소득 50%이하 차상위계층 중 고령자, 장애인, 소년·소녀가정, 다자녀 가정, 한부모가족 등","기준 중위소득 50%이하 차상위계층 중 고령자, 장애인, 소년·소녀가정, 다자녀 가정, 한부모가족 등인 경우 중위가격을 기준으로 한다.","(1) 해당사항
 - 기준 중위소득 50%이하 차상위계층 중 고령자, 장애인, 소년·소녀가정, 다자녀 가정, 한부모가족 등
 - 자가 및 임차가구 ( 임대인이 주택수선 후 4년 이상 임대를 동의한 경우 )
(2) 세부사항
 - 도배·장판교체, 보일러·담장·벽체수리, 지붕·화장실 개선, 소방시설 등
 - 가구당 최대 4백만원 지원",가구당 최대 5백만원 지원 등,[],False,['한부모'],"['주거지원', '물품지원']","['한부모', '고령자', '취약계층']",False,False,False,True,False,False,True,92,249,0.6305220883534137,4.0
한부모,강원특별자치도,방학 중 아동급식 지원,https://www.gov.kr/portal/rcvfvrSvc/dtlEx/653000000008?administOrgCd=ALL,상시신청,거주지 관할 읍/면/동 행정복지센터에 방문 신청,주민센터,현물,"지원대상
(1) 아래의 어느 하나에 해당하는 아동으로서 결식우려가 있는 아동
 - 국민기초생활보장법 제2조제2호에 따른 수급자 가구의 아동, 차상위계층 아동
 - 한부모가족지원법 제5조 및 제5조의2에 따른 지원대상자가 양육하는 아동
 - 긴급복지지원법에 따른 긴급복지 지원대상 가구의 아동
 - 보호자가 사망, 가출, 행방불명, 구금시설에 수용되는 등의 사유로 보호가 필요한 아동
 - 보호자의 사고, 급성질환, 만성질환 등의 사유로 보호자의 양육능력이 미약한 가구의 아동 
 - 기준중위소득 52% 이하인 가구의 아동
 - 위 각호에는 해당되지 않으나 담임교사, 사회복지사, 이통반장, 시군 담당공무원 등이 추천하는 아동으로서 아동급식위원회에서 급식지원이 필요하다고 결정한 아동

(2) 지역아동센터, 사회복지관 등의 아동복지프로그램 이용 아동

(3) 외국 국적 아동 중 (1), (2)의 지원기준에 해당하는 아동
중복혜택 안돼요
아동복지프로그램(지역아동센터, 사회복지관 등)을 통해 식사를 제공받는 경우 해당 식사분에 대하여 급식카드 등 다른 형태의 급식지원 중복 이용 불가","지원내용
○ 지원연령: 18세 미만의 취학 아동(초등학교, 중학교, 고등학교 재학) 및 학교밖 청소년
 - 다만, 18세 이상인 경우에도 초중등교육법 제2조에 따른 학교에 재학 중인 아동 포함 

○ 지원유형: 아동급식카드, 지역아동센터(단체급식)지원, 도시락(부식)배달, 식품권
 ※ 시군 상황에 따라 지원유형 상이",복지정책과 (☎033-249-2267),,"한부모,임신/출산/육아,초/중/고등학생,취약계층","교육지원,물품지원","(1) 아래의 어느 하나에 해당하는 아동으로서 결식우려가 있는 아동
 - 국민기초생활보장법 제2조제2호에 따른 수급자 가구의 아동, 차상위계층 아동
 - 한부모가족지원법 제5조 및 제5조의2에 따른 지원대상자가 양육하는 아동
 - 긴급복지지원법에 따른 긴급복지 지원대상 가구의 아동
 - 보호자가 사망, 가출, 행방불명, 구금시설에 수용되는 등의 사유로 보호가 필요한 아동
 - 보호자의 사고, 급성질환, 만성질환 등의 사유로 보호자의 양육능력이 미약한 가구의 아동
 - 기준중위소득 52% 이하인 가구의 아동
 - 위 각호에는 해당되지 않으나 담임교사, 사회복지사, 이통반장, 시군 담당공무원 등이 추천하는 아동으로서 아동급식위원회에서 급식지원이 필요하다고 결정한 아동
(2) 지역아동센터, 사회복지관 등의 아동복지프로그램 이용 아동
(3) 외국 국적 아동 중 (1) , (2) 의 지원기준에 해당하는 아동
 - 중복혜택 안돼요
 - 아동복지프로그램 ( 지역아동센터, 사회복지관 등 ) 을 통해 식사를 제공받는 경우 해당 식사분에 대하여 급식카드 등 다른 형태의 급식지원 중복 이용 불가",아동복지프로그램을 통해 식사를 제공받는 경우 해당 식사분에 대하여 급식카드 등 다른 형태의 급식지원 중복 이용 불가하다.,"(1) 연령: 18세 미만의 취학 아동 ( 초등학교, 중학교, 고등학교 재학 ) 및 학교밖 청소년
 - 다만, 18세 이상인 경우에도 초중등교육법 제2조에 따른 학교에 재학 중인 아동 포함
(2) 유형: 아동급식카드, 지역아동센터 ( 단체급식 ) 지원, 도시락 ( 부식 ) 배달, 식품권
(3) 시군 상황에 따라 지원유형 상이","18세 미만의 취학 아동 및 학교밖 청소년 지원유형은 아동급식카드, 지역아동센터지원, 도시락배달, 식품권 시군 상황에 따라 상이하다.",[],False,['한부모'],"['교육지원', '물품지원']","['한부모', '임신', '출산', '육아', '초', '중', '고등학생', '취약계층']",False,False,False,False,False,True,True,142,727,0.8046767537826685,
한부모,강원특별자치도,산모·신생아 건강관리 본인부담금 지원,https://www.gov.kr/portal/rcvfvrSvc/dtlEx/642000000703?administOrgCd=ALL,서비스 이용 후 30일까지,"○ 방문 신청
 - 보건소 : 관할 보건소 방문
○ 온라인 신청",보건소,현금,"지원대상
○ 산모신생아 건강관리 기본지원 대상자(기준 중위소득 150%이하 출산가정) 중 보건소 신청일 기준 도내 6개월 이상 거주한 산모","지원내용
○ 산모신생아건강관리 서비스를 이용한 대상(기준 중위소득 150%이하)중, 보건소 신청일 기준 도내 6개월 이상 거주한 산모에게 본인 부담금 지원

○ 산모·신생아 건강관리지원 표준서비스 본인부담금: 1인 10일 최대 20만원(90% 지원, 10% 자부담원칙)

○ 산모·신생아 건강관리지원 큰아이 돌봄 부가서비스 지원: 
 ① 큰아이가 영유아인 경우(지원 금액 확대)
 · 큰아이 1명 : 서비스 가격의 90% 지원(10% 자부담 원칙)
 · 큰아이 2명 이상 : 서비스 가격의 90% 지원(10% 자부담 원칙)
 ② 큰아이가 영유아가 아닌 경우(현행 사업과 동일)
 · 큰아이 1명 : 10일 최대 9만 원(90% 지원, 10% 자부담 원칙)
 · 큰아이 2명 이상 : 10일 최대 14만 원(90% 지원, 10% 자부담 원칙)",주소지 관할 보건소 (☎-),,"임신/출산/육아,취약계층","직접금전지원,서비스",(1) 산모신생아 건강관리 기본지원 대상자 ( 기준 중위소득 150%이하 출산가정 ) 중 보건소 신청일 기준 도내 6개월 이상 거주한 산모,(1) 산모신생아 건강관리 기본지원 대상자 ( 기준 중위소득 150%이하 출산가정 ) 중 보건소 신청일 기준 도내 6개월 이상 거주한 산모,"(1) 산모신생아건강관리 서비스를 이용한 대상 ( 기준 중위소득 150%이하 ) 중, 보건소 신청일 기준 도내 6개월 이상 거주한 산모에게 본인 부담금 지원

(2) 산모·신생아 건강관리지원 표준서비스 본인부담금: 1인 10일 최대 20만원 ( 90% 지원, 10% 자부담원칙 )

(3) 산모·신생아 건강관리지원 큰아이 돌봄 부가서비스 지원: 
 ① 큰아이가 영유아인 경우 ( 지원 금액 확대 )
 · 큰아이 1명 : 서비스 가격의 90% 지원 ( 10% 자부담 원칙 )
 · 큰아이 2명 이상 : 서비스 가격의 90% 지원 ( 10% 자부담 원칙 )
 ② 큰아이가 영유아가 아닌 경우 ( 현행 사업과 동일 )
 · 큰아이 1명 : 10일 최대 9만 원 ( 90% 지원, 10% 자부담 원칙 )
 · 큰아이 2명 이상 : 10일 최대 14만 원 ( 90% 지원, 10% 자부담 원칙 )",보건소 신청일 기준 도내 6개월 이상 거주한 산모에게 본인 부담금 지원,"[[0, 200]]",True,['한부모'],"['직접금전지원', '서비스']","['임신', '출산', '육아', '취약계층']",True,True,False,False,True,False,True,117,492,0.7621951219512195,0.2
한부모,강원특별자치도,산모·신생아 건강관리 지원,https://www.gov.kr/portal/rcvfvrSvc/dtlEx/642000000684?administOrgCd=ALL,출산 예정일 40일 전부터 출산일로부터 60일까지 바우처 신청,"○ 방문 신청
 - 보건소 : 관할 보건소 방문",보건소,이용권,"지원대상
○ 산모신생아 건강관리 기본지원 대상자(기준중위소득 150%이하 출산가정)

○ 생활의료주거교육급여 수급자 또는 차상위계층의 출산가구

○ 강원도 예외지원 대상자(희귀질환중증난치질환 산모, 장애인 산모 또는 장애 신생아, 쌍생아 이상 출산 가정, 둘째아 이상 출산 가정, 새터민 산모, 결혼이민 산모, 미혼모 산모, 분만 취약지 산모)","지원내용
○ 산모 및 신생아 건강관리, 산모정보제공, 가사활동지원, 정서지원 등",주소지 관할 보건소 (☎-),,"한부모,임신/출산/육아,취약계층",이용권,"(1) 산모신생아 건강관리 기본지원 대상자 ( 기준중위소득 150%이하 출산가정 )
(2) 생활의료주거교육급여 수급자 또는 차상위계층의 출산가구
(3) 강원도 예외지원 대상자 ( 희귀질환중증난치질환 산모, 장애인 산모 또는 장애 신생아, 쌍생아 이상 출산 가정, 둘째아 이상 출산 가정, 새터민 산모, 결혼이민 산모, 미혼모 산모, 분만 취약지 산모 )",강원도 산모신생아 건강관리 기본지원 대상자는 생활의료주거교육급여 수급자 또는 차상위계층의 출산가구 강원도 예외 지원 대상자이다.,"(1) 산모 및 신생아 건강관리, 산모정보제공, 가사활동지원, 정서지원 등","(1) 산모 및 신생아 건강관리, 산모정보제공, 가사활동지원, 정서지원 등",[],False,['한부모'],['이용권'],"['한부모', '임신', '출산', '육아', '취약계층']",True,False,False,False,False,False,True,113,237,0.5232067510548524,
여성,강원특별자치도,여성구직활동 지원,https://www.gov.kr/portal/rcvfvrSvc/dtlEx/642000000731?administOrgCd=ALL,매년 초(1~3월),"○ 온라인 신청 
 - 강원일자리정보망 : https://job.gwd.go.kr/gwjob",온라인신청,"이용권, 기타","지원대상
○ 40세 이상 ~ 59세 이하, 가구소득 기준중위소득 60%초과 150% 이하인 미취업 여성
중복혜택 안돼요
여성구직활동 지원사업과 유사하게 구직활동비를 지원하는 사업","지원내용
○ 지원대상 : 40세 이상 ~ 59세 이하, 가구소득 기준중위소득 60%초과 150% 이하인 미취업 여성
 
○ 지원내용 : 취업 준비에 필요한 구직활동비 지원(교육비, 도서구입비, 자격증 취득비, 면접활동비 등)

○ 지원방식 : 온라인 포인트 배정‧사용, 오프라인(체크카드)사용 후 환급

○ 지원금액 : (신규) 1인당 최대 300만 원(월 50만 원 *6개월), (재참여) 1인당 최대 150만 원(월 50만원 * 3개월)
 - 지원금 수급 중 취·창업에 성공하여 3개월 근속(영업)한 경우, 취·창업 성공금 현금 50만원 지원
 * 지원금 전액 수급한 경우는 성공금 지급 제외",여성청소년가족과 (☎033-249-4342),,"구직/취업,창업/자영업,취약계층","직접금전지원,감면할인지원,이용권,교육지원","(1) 40세 이상 ~ 59세 이하, 가구소득 기준중위소득 60%초과 150% 이하인 미취업 여성
 - 중복혜택 안돼요
 - 여성구직활동 지원사업과 유사하게 구직활동비를 지원하는 사업","40세 이상 ~ 59세 이하, 가구소득 기준중위소득 60%초과 150% 이하인 미취업 여성 등","(1) 취업 준비에 필요한 구직활동비 지원 ( 교육비, 도서구입비, 자격증 취득비, 면접활동비 등 )

(2) 방식 : 온라인 포인트 배정‧사용, 오프라인 ( 체크카드 ) 사용 후 환급

(3) 금액 : ( 신규 ) 1인당 최대 300만 원 ( 월 50만 원 *6개월 ) , ( 재참여 ) 1인당 최대 150만 원 ( 월 50만원 * 3개월 )
 - 지원금 수급 중 취·창업에 성공하여 3개월 근속 ( 영업 ) 한 경우, 취·창업 성공금 현금 50만원 지원
 * 지원금 전액 수급한 경우는 성공금 지급 제외","취업 준비에 필요한 구직활동비 지원 ( 교육비, 도서구입비, 자격증 취득비, 면접활동비 등 )","[[40, 59]]",True,['여성'],"['직접금전지원', '감면할인지원', '이용권', '교육지원']","['구직', '취업', '창업', '자영업', '취약계층']",True,True,False,False,False,False,True,105,433,0.7575057736720554,0.5
한부모,강원특별자치도,장애인 치과치료비 지원,https://www.gov.kr/portal/rcvfvrSvc/dtlEx/O00037600013?administOrgCd=ALL,상시신청,"○ 방문 신청 
 - 주민센터 : 해당읍·면사무소 복지팀 방문 
 - 보건소 : 정신건강복지센터 등록 대상자 해당 
 - 기타 : 사회복지기관, 장애인 단체 등
 
○ 기타 
 - 전화, 우편, 팩스 등","사회복지기관, 장애인 단체,주민센터,보건소",서비스(의료),"지원대상
○ 영월군 등록장애인 중
 - 국민기초생활보장 수급자
 - 기준중위소득 80%이하인 자","지원내용
○ 치아우식증, 치아치료에 관련된 진료비 지원(비급여 포함)
 - 1인 1회 최대 10만 원",공공의료팀 (☎033-370-9235),,취약계층,"의료지원,서비스","(1) 영월군 등록장애인 중
 - 국민기초생활보장 수급자
 - 기준중위소득 80%이하인 자","(1) 영월군 등록장애인 중
 - 국민기초생활보장 수급자
 - 기준중위소득 80%이하인 자","(1) 치아우식증, 치아치료에 관련된 진료비 지원 ( 비급여 포함 )
 - 1인 1회 최대 10만 원",장애인 치과치료비 지원,[],False,['한부모'],"['의료지원', '서비스']",['취약계층'],False,False,True,False,True,True,True,63,110,0.42727272727272725,
한부모,강원특별자치도,저소득 한부모가정 생활안정 지원,https://www.gov.kr/portal/rcvfvrSvc/dtlEx/642000000700?administOrgCd=ALL,상시신청,"○ 방문 신청
 - 행정복지센터 : 거주지 관할 읍면동 행정복지센터 방문 신청",주민센터,현금,"지원대상
○강원특별자치도에 주민등록주소를 두고있는 기준중위소득 63%이하 한부모가족
중복혜택 안돼요
초등학생 학습지원비, 난방연료비:「국민기초생활 보장법」생계, 의료, 주거, 교육급여 보장세대 중복불가 대학신입생 생활자립금:「국민기초생활 보장법」생계급여 보장세대 중복불가","지원내용
○ 한부모가족 자녀 초등학생 학습지원비, 대학신입생 생활자립금, 난방연료비 지원",여성청소년가족과 (☎033-249-2698),,"한부모,초/중/고등학생,대학(원)생,취약계층",직접금전지원,"(1) 강원특별자치도에 주민등록주소를 두고있는 기준중위소득 63%이하 한부모가족
 - 중복혜택 안돼요
 - 초등학생 학습지원비, 난방연료비:「국민기초생활 보장법」생계, 의료, 주거, 교육급여 보장세대 중복불가 대학신입생 생활자립금:「국민기초생활 보장법」생계급여 보장세대 중복불가",강원특별자치도에 주민등록주소를 두고있는 기준중위소득 63%이하 한부모가족,"(1) 한부모가족 자녀 초등학생 학습지원비, 대학신입생 생활자립금, 난방연료비 지원",저소득 한부모가정 생활안정 지원,[],False,['한부모'],['직접금전지원'],"['한부모', '초', '중', '고등학생', '대학(원)생', '취약계층']",True,True,False,False,False,True,True,58,201,0.7114427860696517,
한부모,강원특별자치도,지역공동체일자리사업,https://www.gov.kr/portal/rcvfvrSvc/dtlEx/642000000696?administOrgCd=ALL,상시신청,○ 방문 신청,주민센터,서비스(일자리),"지원대상
○ 취업취약계층","지원내용
○ 대상 : 도내 취업취약계층

○ 내용 : 저소득 취약계층에 공공분야 일자리 제공을 통한 근로의욕 고취 및 생활안정 도모",일자리청년과 (☎033-249-3806),,"구직/취업,취약계층",서비스,(1) 취업취약계층,(1) 취업취약계층,(1) 도내 취업취약계층 에게 저소득 취약계층에 공공분야 일자리 제공을 통한 근로의욕 고취 및 생활안정 도모,(1) 도내 취업취약계층 에게 저소득 취약계층에 공공분야 일자리 제공을 통한 근로의욕 고취 및 생활안정 도모,[],False,['한부모'],['서비스'],"['구직', '취업', '취약계층']",False,False,False,False,True,True,True,71,87,0.1839080459770115,
한부모,강원특별자치도,지역사회서비스 지원,https://www.gov.kr/portal/rcvfvrSvc/dtlEx/642000000722?administOrgCd=ALL,연중(수시) → 시군청 복지 부서로 직접문의,○ 주민등록상 거주지 주민센터에 방문 신청,주민센터,기타,"지원대상
○ 지역사회서비스 : 기준 중위소득 180%이하를 원칙 적용하되 서비스별 상이(본인부담금 10% 이상)

○ 가사간병 : 만 65세 미만자 중 차상위계층, 생계의료주거교육급여 수급자 등","지원내용
○ 지역사회서비스 : 아동,노인,장애인 신체건강관리, 아동역량개발 등 바우처 서비스",복지정책과 (☎033-249-2419),,"임신/출산/육아,고령자,취약계층","이용권,서비스","(1) 지역사회서비스 : 기준 중위소득 180%이하를 원칙 적용하되 서비스별 상이 ( 본인부담금 10% 이상 )
(2) 가사간병 : 만 65세 미만자 중 차상위계층, 생계의료주거교육급여 수급자 등","(1) 지역사회서비스 : 기준 중위소득 180%이하를 원칙 적용하되 서비스별 상이 ( 본인부담금 10% 이상 )
(2) 가사간병 : 만 65세 미만자 중 차상위계층, 생계의료주거교육급여 수급자 등","(1) 지역사회서비스 : 아동,노인,장애인 신체건강관리, 아동역량개발 등 바우처 서비스","(1) 지역사회서비스 : 아동,노인,장애인 신체건강관리, 아동역량개발 등 바우처 서비스","[[0, 64]]",True,['한부모'],"['이용권', '서비스']","['임신', '출산', '육아', '고령자', '취약계층']",True,False,False,False,True,False,True,158,160,0.012499999999999956,
임산부,강원특별자치도,찾아가는 산부인과 운영,https://www.gov.kr/portal/rcvfvrSvc/dtlEx/642000000713?administOrgCd=ALL,상시신청,"○ 방문 신청
 - 보건소 : 방문접수 또는 전화예약",보건소,서비스(의료),"지원대상
○ 산부인과 병, 의원이없는 분만취약지역에 대하여 산전관리를 위한 산전진찰과 부인과 질환 검사를 제공하여 임신출산에 대한 사회적 책임강화와 임산부 및 태아 건강보호","지원내용
○ 찾아가는산부인과 이동검진반 운영",공공의료과 (☎033-249-2181),,"임신/출산/육아,취약계층","의료지원,서비스","(1) 산부인과 병, 의원이없는 분만취약지역에 대하여 산전관리를 위한 산전진찰과 부인과 질환 검사를 제공하여 임신출산에 대한 사회적 책임강화와 임산부 및 태아 건강보호","(1) 산부인과 병, 의원이없는 분만취약지역에 대하여 산전관리를 위한 산전진찰과 부인과 질환 검사를 제공하여 임신출산에 대한 사회적 책임강화와 임산부 및 태아 건강보호",(1) 찾아가는산부인과 이동검진반 운영,(1) 찾아가는산부인과 이동검진반 운영,[],False,['임산부'],"['의료지원', '서비스']","['임신', '출산', '육아', '취약계층']",False,False,True,False,True,True,True,115,121,0.04958677685950408,
한부모,강원특별자치도,청년 취업준비 쿠폰 지원,https://www.gov.kr/portal/rcvfvrSvc/dtlEx/642000000712?administOrgCd=ALL,"2024년도 참여자 선발완료('24년. 4~6월, 총 3차례 모집)","○ 온라인 신청 
 - 강원일자리정보망(https://www.gwjob.kr/gwjob) 접속 후 홈페이지 상단의 '지원정책 > 지원사업신청 > 청년구직활동지원' 순서로 이동 및 신청",강원도일자리재단(https://www.gwjob.kr/gwjob),이용권,"지원대상
○ 공고일 기준 강원특별자치도 거주, 최종학력 기준 졸업(중퇴), 만18세~45세이하 미취업 청년
 -최근 3개월 가구소득액 평균이 기준중위소득 120%초과 ~ 180%이하(만18세~34세 이하), 기준중위소득 180%이하(만35세~45세 이하)
중복혜택 안돼요
국민취업지원제도","지원내용
○ 지원내용
 - 청년구직활동 지원금 : 월 50만원 × 6개월(1인당 최대 300만원)

○ 지원방식 : 온라인 포인트 배정 및 체크카드 사용 후 환급방식 
 - 카드 발급 : 지원금 전용체크카드(강원청년카드) 발급, 체크카드 우선 지출 → 사용 승인 신청 → 검토 및 승인 → 포인트 차감 → 사용금액 환급
 - 포인트 지급 : 1인당 매월 50만 포인트 배정(매월 1일), 복지몰(현대이지웰) 연계상품 포인트로 결제, 포인트 즉시 차감","강원특별자치도경제진흥원 (☎033-256-9605)
강원특별자치도청 (☎033-249-4332)",,"구직/취업,취약계층","직접금전지원,감면할인지원,이용권","(1) 공고일 기준 강원특별자치도 거주, 최종학력 기준 졸업 ( 중퇴 ) , 만18세~45세이하 미취업 청년
 - 최근 3개월 가구소득액 평균이 기준중위소득 120%초과 ~ 180%이하 ( 만18세~34세 이하 ) , 기준중위소득 180%이하 ( 만35세~45세 이하 )
 - 중복혜택 안돼요
 - 국민취업지원제도","공고일 기준 강원특별자치도 거주, 최종학력 기준 졸업 ( 중퇴 ) , 만18세~45세이하 미취업 청년 등","(1) 세부사항
 - 청년구직활동 지원금 : 월 50만원 × 6개월 ( 1인당 최대 300만원 )
(2) 온라인 포인트 배정 및 체크카드 사용 후 환급방식
 - 카드 발급 : 지원금 전용체크카드 ( 강원청년카드 ) 발급, 체크카드 우선 지출 → 사용 승인 신청 → 검토 및 승인 → 포인트 차감 → 사용금액 환급
 - 포인트 지급 : 1인당 매월 50만 포인트 배정 ( 매월 1일 ) , 복지몰 ( 현대이지웰 ) 연계상품 포인트로 결제, 포인트 즉시 차감",온라인 포인트 배정 및 체크카드 사용 후 환급방식이다.,"[[0, 45]]",True,['한부모'],"['직접금전지원', '감면할인지원', '이용권']","['구직', '취업', '취약계층']",True,True,False,False,False,False,True,89,412,0.7839805825242718,3.0
한부모,강원특별자치도/강릉시,가사·간병 방문 지원,https://www.gov.kr/portal/rcvfvrSvc/dtlEx/420000000173?administOrgCd=ALL,상시신청,"○ 방문 신청
 - 주민센터 : 거주지 관할 읍면동 주민센터에 방문 신청
 - 신청기간 및 장소 : 연중, 대상자 주민등록 주소지 관할 읍면동 주민센터에 신청
 - 구비서류 : 사회보장급여(사회서비스이용권)신청(변경)서 1부",주민센터,이용권,"지원대상
○ 만 65세 미만의 기준중위소득 70% 이하 계층 중 아래에 해당하는 사람으로 가사간병 서비스가 필요한 자 
 - 장애정도가 심한 장애인
 - 6개월이상 치료를 요하는 중증질환자
 - 희귀난치성 질환자 
 - 소년소녀가정, 조손가정, 한부모가정(법정보호세대)
 - 만 65세 미만의 의료급여 수급자 중 장기입원 사례관리 퇴원자
 - 기타 시군구청장이 예산의 범위 내에서 장애 정도가 심하지 않은 장애인, 질환 및 부상으로 인한 장기치료자 등 가사간병이 필요하다고 인정되는 자
중복혜택 안돼요
노인장기요양보험 재가서비스 제공, 장애인 활동지원서비스","지원내용
○ 가사 간병 방문 지원사업 서비스 표준
 - 신체수발 지원 : 목욕, 대소변, 옷 입기, 세면, 식사 등 보조
 - 건강 지원 : 체위변경, 간단한 재활운동 보조 등
 - 가사 지원 : 청소, 식사준비, 양육보조 등
 - 일상생활 지원 : 외출 동행, 말벗, 생활상담 등",복지정책과 (☎033-640-5344),,"한부모,임신/출산/육아,고령자,취약계층","이용권,상담지원,서비스","(1) 만 65세 미만의 기준중위소득 70% 이하 계층 중 아래에 해당하는 사람으로 가사간병 서비스가 필요한 자
 - 장애정도가 심한 장애인
 - 6개월이상 치료를 요하는 중증질환자
 - 희귀난치성 질환자
 - 소년소녀가정, 조손가정, 한부모가정 ( 법정보호세대 )
 - 만 65세 미만의 의료급여 수급자 중 장기입원 사례관리 퇴원자
 - 기타 시군구청장이 예산의 범위 내에서 장애 정도가 심하지 않은 장애인, 질환 및 부상으로 인한 장기치료자 등 가사간병이 필요하다고 인정되는 자
(2) 중복혜택 안돼요
(3) 노인장기요양보험 재가서비스 제공, 장애인 활동지원서비스","만 65세 미만의 기준중위소득 70% 이하 계층 중 아래에 해당하는 사람으로 가사간병 서비스가 필요한 자 중복혜택 안돼요 노인장기요양보험 재가서비스 제공, 장애인 활동지원서비스가 필요합니다.","(1) 가사 간병 방문 지원사업 서비스 표준
 - 신체수발 지원 : 목욕, 대소변, 옷 입기, 세면, 식사 등 보조
 - 건강 지원 : 체위변경, 간단한 재활운동 보조 등
 - 가사 지원 : 청소, 식사준비, 양육보조 등
 - 일상생활 지원 : 외출 동행, 말벗, 생활상담 등",가사 간병 방문 지원사업 서비스 표준에 따라 간병을 지원하는 사업이다.,"[[0, 200]]",True,['한부모'],"['이용권', '상담지원', '서비스']","['한부모', '임신', '출산', '육아', '고령자', '취약계층']",True,False,False,False,True,True,True,146,469,0.6886993603411513,
"임산부, 한부모",강원특별자치도/강릉시,미혼모 의료비 지원,https://www.gov.kr/portal/rcvfvrSvc/dtlEx/420000000161?administOrgCd=ALL,상시신청,"○ 방문 신청
 - 보건소 방문 신청
 - 구비서류
 · 공통 : 신분증, 혼인관계증명서(상세), 가족관계증명서(상세), 등본
 · 산전관리비 : 임신확인증, 진료비영수증, 상세내역서, 통장사본
 · 분만비 : 출생증명서, 진료비영수증, 상세내역서, 통장사본",보건소,현금,"지원대상
○ 미혼모 의료비지원
 - 혼인관계 사실 및 사실혼 관계가 없고, 소득인정액이 기준중위소득 120% 이하인 미혼모
중복혜택 안돼요
청소년 산모 의료비 지원 사업 수혜자","지원내용
○ 미혼모 의료비지원
 - 지원대상 : 주민등록 등본상 강릉시 거주 및 혼인관계 사실이 없는 미혼모(소득인정액이 기준중위소득 120% 이하)
 - 지원내용 : 산전관리비 최대 20만원 지원, 자연분만비 최대 40만원 지원, 제왕절개비 최대 80만원 지원
 - 지원형태 : 대상자에게 현금으로 의료비 지원",강릉시보건소 건강증진과 (☎033-660-2774),,"한부모,임신/출산/육아,초/중/고등학생,취약계층","직접금전지원,의료지원","(1) 미혼모 의료비지원
 - 혼인관계 사실 및 사실혼 관계가 없고, 소득인정액이 기준중위소득 120% 이하인 미혼모
 - 중복혜택 안돼요
 - 청소년 산모 의료비 지원 사업 수혜자",청소년 산모 의료비 지원 사업 수혜자는 미혼모와 중복혜택을 받지 않아야 한다.,"(1) 미혼모 의료비지원
 - 주민등록 등본상 강릉시 거주 및 혼인관계 사실이 없는 미혼모 ( 소득인정액이 기준중위소득 120% 이하 )
 - 산전관리비 최대 20만원 지원, 자연분만비 최대 40만원 지원, 제왕절개비 최대 80만원 지원
 - 지원형태 : 대상자에게 현금으로 의료비 지원",미혼모 의료비지원으로 의료비를 지원할 예정이다.,[],False,"['임산부', '한부모']","['직접금전지원', '의료지원']","['한부모', '임신', '출산', '육아', '초', '중', '고등학생', '취약계층']",True,True,True,False,False,True,True,70,273,0.7435897435897436,0.8
한부모,강원특별자치도/강릉시,방문건강관리 지원,https://www.gov.kr/portal/rcvfvrSvc/dtlEx/420000000179?administOrgCd=ALL,상시신청,"○ 방문 신청
 - 보건소 : 관할 보건소 방문
 - 도움이 필요한 본인, 가족, 이웃 누구나 신청 가능
 - 전화접수 또는 직접방문",보건소,서비스(돌봄),"지원대상
○ 건강관리서비스 이용 및 접근이 어려우면서, 건강관리가 필요한 지역사회 주민
 - 방문 건강관리 서비스가 필요한 대상 : 흡연, 잦은음주, 불규칙적인 식생활, 신체활동 부족 등 건강행태 개선이 필요한자
 고혈압, 당뇨, 비만 등 만성질환 위험군 또는 질환군
 노인 중 허약(노쇠) 예방 및 관리가 필요한 자
 -우선순위 고려 대상
 연령기준 : 만 65세 이상 노인
 경제적 기준 : 기초생활보장수급자, 차상위 계층 등
 사회적 특성: 독거노인, 다문화 가족, 한부모가족, 조손가족, 북한이탈주민 등
 건강특성 : 관리되지 않는 만성질환자 및 만성질환 위험군, 장애인, 재가암환자 등

○ 제외기준 : 이미 질병 및 기능상태가 악화된 노인 장기요양등급 판정 등급자(1-5등급)는 제외 (단, 인지 지원 등급자는 포함)","지원내용
○ 서비스대상 : 65세이상 독거노인, 75세이상 노인부부, 기초생활수급자, 차상위계층, 다문화가족, 한부모가족, 북한이탈 주민 등

○ 서비스내용 : 방문간호사가 가정을 방문하여 개인별 맞춤형 보건의료서비스 제공 및 복지서비스 연계
 - 기초건강체크, 건강상담
 - 만성질환관리 및 낙상예방 등 보건교육
 - 보건소 내외 자원연계, 복지서비스 연계
 - 의료용 소모품 등 지원 

○ 서비스절차
 - 건강관리가 필요한 대상자 담당간호사 방문
 - 건강상태 및 건강문제 확인
 - 대상자 등록
 - 건강상태에 따른 방문주기 분류
 - 주기적인 건강관리 서비스 제공

○ 제외기준
 - 이미 질병 및 기능상태가 악화된 노인 장기요양등급 판정 등급자(1-5등급) 제외 (단, 인지 지원 등급자는 포함)",방문건강관리실 (☎033-660-2304),,"1인가구,한부모,고령자,신혼부부,다문화,취약계층","교육지원,의료지원,상담지원,문화예술,서비스","(1) 건강관리서비스 이용 및 접근이 어려우면서, 건강관리가 필요한 지역사회 주민
 - 방문 건강관리 서비스가 필요한 대상 : 흡연, 잦은음주, 불규칙적인 식생활, 신체활동 부족 등 건강행태 개선이 필요한자
(2) 고혈압, 당뇨, 비만 등 만성질환 위험군 또는 질환군
(3) 노인 중 허약 ( 노쇠 ) 예방 및 관리가 필요한 자
 - 우선순위 고려 대상
(4) 연령기준 : 만 65세 이상 노인
(5) 경제적 기준 : 기초생활보장수급자, 차상위 계층 등
(6) 사회적 특성: 독거노인, 다문화 가족, 한부모가족, 조손가족, 북한이탈주민 등
(7) 건강특성 : 관리되지 않는 만성질환자 및 만성질환 위험군, 장애인, 재가암환자 등
(8) 제외기준 : 이미 질병 및 기능상태가 악화된 노인 장기요양등급 판정 등급자 ( 1-5등급 ) 는 제외 ( 단, 인지 지원 등급자는 포함 )","건강관리서비스 이용 및 접근이 어려우면서, 만성질환 위험군 또는 질환군 노인 중 허약 ( 노쇠 ) 예방 및 관리가 필요한 자 연령기준은 만 65세 이상이다.","(1) 서비스대상 : 65세이상 독거노인, 75세이상 노인부부, 기초생활수급자, 차상위계층, 다문화가족, 한부모가족, 북한이탈 주민 등
(2) 서비스내용 : 방문간호사가 가정을 방문하여 개인별 맞춤형 보건의료서비스 제공 및 복지서비스 연계
 - 기초건강체크, 건강상담
 - 만성질환관리 및 낙상예방 등 보건교육
 - 보건소 내외 자원연계, 복지서비스 연계
 - 의료용 소모품 등 지원
(3) 서비스절차
 - 건강관리가 필요한 대상자 담당간호사 방문
 - 건강상태 및 건강문제 확인
 - 대상자 등록
 - 건강상태에 따른 방문주기 분류
 - 주기적인 건강관리 서비스 제공
(4) 제외기준
 - 이미 질병 및 기능상태가 악화된 노인 장기요양등급 판정 등급자 ( 1-5등급 ) 제외 ( 단, 인지 지원 등급자는 포함 )","방문간호사가 가정을 방문하여 개인별 맞춤형 보건의료서비스 제공 및 복지서비스 연계 서비스절차 제외기준은 65세 이상 독거노인, 75세이상 노인부부, 기초생활수급자, 차상위계층, 다문화가족, 한부모가족 등이다.","[[65, 200]]",True,['한부모'],"['교육지원', '의료지원', '상담지원', '문화예술', '서비스']","['1인가구', '한부모', '고령자', '신혼부부', '다문화', '취약계층']",False,False,True,False,True,True,True,204,803,0.7459526774595268,
여성,강원특별자치도/강릉시,정(난)관 복원수술비 지원,https://www.gov.kr/portal/rcvfvrSvc/dtlEx/420000000162?administOrgCd=ALL,상시신청,"○ 신청방법
 - 시청 인구가족과 방문 신청(지원신청서, 개인정보수집및이용동의서 작성)
○ 구비서류
 - 주민등록등본(신청일 기준) 
 - 진료비 영수증 
 - 진료비 세부내역서
 - 통장사본(본인명의) 
 - 정·난관 복원 시술 진단서 또는 소견서(영구피임 시술과 복원 시술 내용 포함)
 - 신분증",시·군·구청,현금,"지원대상
○ 지원대상: 여성 연령 49세 이하(1975년생부터) 강릉시 주민등록된 부부 중 임신·출산을 위한 정·난관 복원 시술을 연내 받은 시민(1회 한정)
※ 시술일이 포함된 해 연내 신청(12월 시술 대상자의 경우 이듬해 1월까지 신청 가능)
 
○ 지원시기: 연중

○ 지원절차: 희망하는 병원에서 영구피임 복원 시술 -> 관련서류 지참하여 강릉시청 인구가족과 방문 신청 -> 서류 심사 후 시술비 지급(계좌 송금)","지원내용
○ 정(난)관 복원 수술비
 - 지원대상 : 여성 연령 49세 이하(1975년생부터) 주민등록된 부부 중 임신·출산을 위한 정·난관 복원 시술을 연내 받은 시민
 - 지원내용 : 수술비 최대 50만원 지원(1회 한정)
 - 지원형태 : 대상자에게 현금으로 시술비 지원
 * 지원제외: 상급병실료, 환자특식, 보호자식대, 제증명 비용 등 시술과 관련없는 비용 제외",강릉시 인구가족과 (☎033-640-5997),,"임신/출산/육아,신혼부부",직접금전지원,"(1) 해당자: 여성 연령 49세 이하 ( 1975년생부터 ) 강릉시 주민등록된 부부 중 임신·출산을 위한 정·난관 복원 시술을 연내 받은 시민 ( 1회 한정 )
(2) 시술일이 포함된 해 연내 신청 ( 12월 시술 대상자의 경우 이듬해 1월까지 신청 가능 )
(3) 지원시기: 연중
(4) 지원절차: 희망하는 병원에서 영구피임 복원 시술 -> 관련서류 지참하여 강릉시청 인구가족과 방문 신청 -> 서류 심사 후 시술비 지급 ( 계좌 송금 )",여성 연령 49세 이하 강릉시 주민등록된 부부 중 임신·출산을 위한 정·난관 복원 시술을 연내 받은 시민을 대상으로 시술비 지급이 가능하다.,"(1) 정 ( 난 ) 관 복원 수술비
 - 여성 연령 49세 이하 ( 1975년생부터 ) 주민등록된 부부 중 임신·출산을 위한 정·난관 복원 시술을 연내 받은 시민
 - 수술비 최대 50만원 지원 ( 1회 한정 )
 - 형태 : 대상자에게 현금으로 시술비 지원
* 제외: 상급병실료, 환자특식, 보호자식대, 제증명 비용 등 시술과 관련없는 비용 제외",정 ( 난 ) 관 복원수술비 지원 ( 최대 50만원-1회 한정 ),"[[0, 49]]",True,['여성'],['직접금전지원'],"['임신', '출산', '육아', '신혼부부']",True,True,False,False,False,True,True,115,444,0.740990990990991,0.5
한부모,강원특별자치도/고성군,결식아동 급식지원,https://www.gov.kr/portal/rcvfvrSvc/dtlEx/434000000107?administOrgCd=ALL,상시신청,○ 방문 신청,"방문 신청,주민센터,시·군·구청",현금,"지원대상
○ 결식우려아동

○ 가정위탁아동","지원내용
○ 연중조석식 급식 지원

○ 지역아동센터 급식지원",복지과 (☎033-680-3923),,취약계층,직접금전지원,"(1) 결식우려아동
(2) 가정위탁아동","(1) 결식우려아동
(2) 가정위탁아동","(1) 연중조석식 급식 지원
(2) 지역아동센터 급식지원","(1) 연중조석식 급식 지원
(2) 지역아동센터 급식지원",[],False,['한부모'],['직접금전지원'],['취약계층'],True,True,False,False,False,True,True,53,57,0.07017543859649122,
한부모,강원특별자치도/고성군,저소득층 국민건강보험료 지원,https://www.gov.kr/portal/rcvfvrSvc/dtlEx/434000000105?administOrgCd=ALL,상시신청,○ 개인 신청절차 없음,개인 신청절차 없음,현금(보험),"지원대상
○ 65세 이상 노인, 등록장애인, 한부모가족","지원내용
○ 보험료가 최저보험료(월별보험료 하한액)미만 세대에 대해 국민건강보험료 전액 지원(65세 이상 노인, 등록장애인, 한부모가족)",복지과 (☎033-680-3322),,"한부모,고령자,취약계층","직접금전지원,보험료지원","(1) 65세 이상 노인, 등록장애인, 한부모가족","65세 이상 노인, 등록장애인, 한부모가족은 65세이상이다.","(1) 보험료가 최저보험료 ( 월별보험료 하한액 ) 미만 세대에 대해 국민건강보험료 전액 지원 ( 65세 이상 노인, 등록장애인, 한부모가족 )",보험료가 최저보험료 미만 세대에 대해 국민건강보험료를 전액 지원한다.,"[[65, 200]]",True,['한부모'],"['직접금전지원', '보험료지원']","['한부모', '고령자', '취약계층']",True,True,False,False,False,True,True,72,107,0.3271028037383178,
한부모,강원특별자치도/고성군,저소득층 노인 안질환 의료비 지원,https://www.gov.kr/portal/rcvfvrSvc/dtlEx/434000000106?administOrgCd=ALL,상시신청,"○ 방문 신청
 - 대상자가 수술 진행 후 보건소 방문 지원 신청서 작성
 - 구비서류 검토 후 계좌 지급",보건소,현금,"지원대상
○ 관내 저소득층 만 65세 이상 노인 안 질환자

○ 2024년 기준중위소득 130%이하인 자","지원내용
○ 백내장 수술비 1안당 30만원까지 지원",고성군 보건소 (☎033-680-3966),,"고령자,취약계층","직접금전지원,의료지원","(1) 관내 저소득층 만 65세 이상 노인 안 질환자
(2) 2024년 기준중위소득 130%이하인 자","(1) 관내 저소득층 만 65세 이상 노인 안 질환자
(2) 2024년 기준중위소득 130%이하인 자",(1) 백내장 수술비 1안당 30만원까지 지원,(1) 백내장 수술비 1안당 30만원까지 지원,"[[65, 200]]",True,['한부모'],"['직접금전지원', '의료지원']","['고령자', '취약계층']",True,True,True,False,False,True,True,82,87,0.05747126436781613,0.3
한부모,강원특별자치도/동해시,가사·간병 방문 지원,https://www.gov.kr/portal/rcvfvrSvc/dtlEx/421000000641?administOrgCd=ALL,예산 내 상시,"○ 방문 신청
 - 주민센터 : 주소지 관할 읍면동 주민센터에 방문 신청",주민센터,"이용권, 서비스(돌봄)","지원대상
○ 만 65세미만의 기준중위소득 70% 이하 계층 중, 가사간병서비스가 필요한 자
중복혜택 안돼요
1) 아래의 돌봄서비스를 받고 있는자(장애인활동지원서비스, 노인맞춤돌봄서비스(만65세이상), 노인장기요양보험급여) 2) 보장시설 입소자 3) 의료기관 입원 중인 환자","지원내용
○ 서비스 내용 : 신체수발 지원, 건강 지원, 가사지원, 일상생활 지원

○ 서비스 가격 : 월 427,200월(24시간) / 월 480,600원(27시간) / 월 712,000원(40시간)

○ 정부지원금 : 소득수준 및 이용시간에 따라 차등 지원

○ 본인부담금 : 서비스가격에서 정부지원금을 뺀 차액",복지과 희망복지 (☎033-530-2192),,"임신/출산/육아,고령자,취약계층","직접금전지원,이용권,서비스","(1) 만 65세미만의 기준중위소득 70% 이하 계층 중, 가사간병서비스가 필요한 자
 - 중복혜택 안돼요
 - 아래의 돌봄서비스를 받고 있는자 ( 장애인활동지원서비스, 노인맞춤돌봄서비스 (만65세이상 ) , 노인장기요양보험급여) 2) 보장시설 입소자 3) 의료기관 입원 중인 환자","만 65세미만의 기준중위소득 70% 이하 계층 중, 가사간병서비스가 필요한 자 등","(1) 신체수발 지원, 건강 지원, 가사지원, 일상생활 지원
(2) 가격 : 월 427,200월 ( 24시간 ) / 월 480,600원 ( 27시간 ) / 월 712,000원 ( 40시간 )
(3) 정부지원금 : 소득수준 및 이용시간에 따라 차등 지원
(4) 본인부담금 : 서비스가격에서 정부지원금을 뺀 차액","신체수발 지원, 건강 지원, 가사지원, 일상생활 지원 서비스의 정부지원금은 소득수준 및 이용시간에 따라 차등 지원 본인부담금이 있다.","[[0, 200]]",True,['한부모'],"['직접금전지원', '이용권', '서비스']","['임신', '출산', '육아', '고령자', '취약계층']",True,True,False,False,True,True,True,120,329,0.6352583586626139,0.712
임산부,강원특별자치도/동해시,동해시종합버스터미널 주차장 이용요금 감면,https://www.gov.kr/portal/rcvfvrSvc/dtlEx/O00000700005?administOrgCd=ALL,상시신청,"○ 방문 신청
 - 기타 : 동해시종합버스터미널 주차장 직접 방문",동해시 종합버스터미널 주차장,시설이용,"지원대상
○ 국가유공자로서 국가보훈처장이 발행한 증을 소지한 사람

○ 장애인복지법에 따라 등록된 장애인으로서 장애인 등록증을 소지한 사람

○ 고엽제후유증환자 및 고엽제후유의증환자, 고엽제후유증 2세환자로서 국가보훈처장이 발행한 증명서를 소지한 사람

○ 5.18민주유공자예우에 관한 법률에 따른 부상자로서 5.18민주유공자증서를 소지한 사람

○ 보훈보상대상자 지원에 관한 법률 시행령에 따른 보훈대상자(1급~7급)으로 보훈보상대상자증 소지자

○ 독립유공자예우에 관한 법률에 따른 독립유공자로 국가보훈처장이 발행한 증명서를 소지한 사람

○ 모자보건법 규정에 따른 임산부가 탑승한 차량으로 동해시 거주 및 병원이나 보건소에서 발행한 산모수첩 등 증명자료를 제시한 사람

○ 「자동차관리법 시행규칙」에 따른 경형자동차

○ 「환경친화적 자동차의 개발 및 보급 촉진에 관한 법률」에 따른 환경친화적 자동차

○ 「반비다복카드」 소유자 및 3자녀 이상 다자녀 가정 증명 서류 지참하고 운행하는 본인 소유의 차량

○ 동해시 종합버스터미널 이용을 목적으로 종합버스터미널 주차장에 주차하는 차량으로 시외버스(고속버스) 이용승차권을 증빙할 수 있는 고객

○ 「동해시 병역명문가 예우에 관한 조례」에 따라 병무청에서 발급한 병역명문가증과 동해시 거주 증빙 신분증을 소지한 사람이 운행하는 본인 소유의 차량

○ 「동해시 헌혈, 장기등 및 인체조직 기증 장려에 관한 조례」에 따라 장기등 및 조직기증자로서 운전면허증 등 국가와 지방자치단체가 발행하는 증명서에 장기등 기증자임이 표시된 증서를 소지한 사람

○ 「동해시 성실납세자 등 지원에 관한 조례」에 따라 유공납세자증이나 성실납세자 표지를 부착한 차량","지원내용
○ 공영주차장 주차요금 면제(단, 2시간 경과시점부터는 50퍼센트 감면)
 - 「국가유공자 등 예우 및 지원에 관한 법률」에 의한 국가유공자
 - 「장애인복지법」에 따른 장애인
 - 「고엽제후유의증 등 환자지원 및 단체설립에 관한 법률」
 - 「5.18민주유공자예우에 관한 법률」에 따른 5.18민주유공자
 - 「보훈보상대상자 지원에 관한 법률 시행령」에 따른 보훈보상대상자(1급~7급)
 - 「독립유공자예우에 관한 법률」에 따른 독립유공자
 - 「모자보건법」에 따른 임산부가 탑승한 차량으로 동해시 거주 및 산모수첩 소지자

○ 공영주차장 주차요금 50% 감면
 - 「자동차관리법 시행규칙」에 따른 경형자동차
 - 「환경친화적 자동차의 개발 및 보급 촉진에 관한 법률」에 따른 환경친화적자동차
 - 「반비다복카드」 소유자 및 3자녀 이상 다자녀 가정 증명 서류 지참하고 운행하는 본인 소유의 차량
 - 동해시 종합버스터미널 이용을 목적으로 종합버스터미널 주차장에 주차하는 차량으로 시외버스(고속버스) 이용승차권을 증빙할 수 있는 고객
 - 「동해시 병역명문가 예우에 관한 조례」에 따라 병무청에서 발급한 병역명문가증과 동해시 거주 증빙 신분증을 소지한 사람이 운행하는 본인 소유의 차량
 - 「동해시 헌혈, 장기등 및 인체조직 기증 장려에 관한 조례」에 따라 장기등 및 조직기증자로서 운전면허증 등 국가와 지방자치단체가 발행하는 증명서에 장기등 기증자임이 표시된 증서를 소지한 사람

○ 주차요금 1년간 면제
 - 「동해시 성실납세자 등 지원에 관한 조례」에 따라 유공납세자증이나 성실납세자 표지를 부착한 차량",교통사업팀 (☎033-539-3823),,"임신/출산/육아,취약계층","감면할인지원,서비스,법률지원","(1) 국가유공자로서 국가보훈처장이 발행한 증을 소지한 사람
(2) 장애인복지법에 따라 등록된 장애인으로서 장애인 등록증을 소지한 사람
(3) 고엽제후유증환자 및 고엽제후유의증환자, 고엽제후유증 2세환자로서 국가보훈처장이 발행한 증명서를 소지한 사람
(4) 5.18민주유공자예우에 관한 법률에 따른 부상자로서 5.18민주유공자증서를 소지한 사람
(5) 보훈보상대상자 지원에 관한 법률 시행령에 따른 보훈대상자 ( 1급~7급 ) 으로 보훈보상대상자증 소지자
(6) 독립유공자예우에 관한 법률에 따른 독립유공자로 국가보훈처장이 발행한 증명서를 소지한 사람
(7) 모자보건법 규정에 따른 임산부가 탑승한 차량으로 동해시 거주 및 병원이나 보건소에서 발행한 산모수첩 등 증명자료를 제시한 사람
(8) 「자동차관리법 시행규칙」에 따른 경형자동차
(9) 「환경친화적 자동차의 개발 및 보급 촉진에 관한 법률」에 따른 환경친화적 자동차
(10) 「반비다복카드」 소유자 및 3자녀 이상 다자녀 가정 증명 서류 지참하고 운행하는 본인 소유의 차량
(11) 동해시 종합버스터미널 이용을 목적으로 종합버스터미널 주차장에 주차하는 차량으로 시외버스 ( 고속버스 ) 이용승차권을 증빙할 수 있는 고객
(12) 「동해시 병역명문가 예우에 관한 조례」에 따라 병무청에서 발급한 병역명문가증과 동해시 거주 증빙 신분증을 소지한 사람이 운행하는 본인 소유의 차량
(13) 「동해시 헌혈, 장기등 및 인체조직 기증 장려에 관한 조례」에 따라 장기등 및 조직기증자로서 운전면허증 등 국가와 지방자치단체가 발행하는 증명서에 장기등 기증자임이 표시된 증서를 소지한 사람
(14) 「동해시 성실납세자 등 지원에 관한 조례」에 따라 유공납세자증이나 성실납세자 표지를 부착한 차량",국가유공자로서 국가보훈처장이 발행한 증을 소지한 사람 장애인복지법에 따라 등록된 장애인으로서 장애인 등록증과 고엽제후유의증환자 등,"(1) 공영주차장 주차요금 면제 ( 단, 2시간 경과시점부터는 50퍼센트 감면 )
 - 「국가유공자 등 예우 및 지원에 관한 법률」에 의한 국가유공자
 - 「장애인복지법」에 따른 장애인
 - 「고엽제후유의증 등 환자지원 및 단체설립에 관한 법률」
 - 「5.18민주유공자예우에 관한 법률」에 따른 5.18민주유공자
 - 「보훈보상대상자 지원에 관한 법률 시행령」에 따른 보훈보상대상자 ( 1급~7급 )
 - 「독립유공자예우에 관한 법률」에 따른 독립유공자
 - 「모자보건법」에 따른 임산부가 탑승한 차량으로 동해시 거주 및 산모수첩 소지자
(2) 공영주차장 주차요금 50% 감면
 - 「자동차관리법 시행규칙」에 따른 경형자동차
 - 「환경친화적 자동차의 개발 및 보급 촉진에 관한 법률」에 따른 환경친화적자동차
 - 「반비다복카드」 소유자 및 3자녀 이상 다자녀 가정 증명 서류 지참하고 운행하는 본인 소유의 차량
 - 동해시 종합버스터미널 이용을 목적으로 종합버스터미널 주차장에 주차하는 차량으로 시외버스 ( 고속버스 ) 이용승차권을 증빙할 수 있는 고객
 - 「동해시 병역명문가 예우에 관한 조례」에 따라 병무청에서 발급한 병역명문가증과 동해시 거주 증빙 신분증을 소지한 사람이 운행하는 본인 소유의 차량
 - 「동해시 헌혈, 장기등 및 인체조직 기증 장려에 관한 조례」에 따라 장기등 및 조직기증자로서 운전면허증 등 국가와 지방자치단체가 발행하는 증명서에 장기등 기증자임이 표시된 증서를 소지한 사람
(3) 주차요금 1년간 면제
 - 「동해시 성실납세자 등 지원에 관한 조례」에 따라 유공납세자증이나 성실납세자 표지를 부착한 차량","공영주차장 주차요금 면제 ( 단, 2시간 경과시점부터는 50퍼센트 감면 ) , 공영주거장 50% 감면, 1년간 면제된다.",[],False,['임산부'],"['감면할인지원', '서비스', '법률지원']","['임신', '출산', '육아', '취약계층']",True,False,False,False,True,True,True,140,1634,0.9143206854345165,
임산부,강원특별자치도/동해시,임산부 교통비 지원,https://www.gov.kr/portal/rcvfvrSvc/dtlEx/421000000642?administOrgCd=ALL,상시신청,"신분증, 주민등록등본 지참하여 보건소 방문",보건소,이용권,"지원대상
임산부 등록일 기준 관내 주민등록이 되어 있는 임산부","지원내용
임산부 교통이용 편의 제공(산전검진을 위한 병원 방문 등)
-교통카드 지급(10만 원)","보건소 보건정책과 (☎033-530-2403)
동해시청 행정과 (☎033-530-2098)",,임신/출산/육아,"이용권,교통지원",(1) 임산부 등록일 기준 관내 주민등록이 되어 있는 임산부,(1) 임산부 등록일 기준 관내 주민등록이 되어 있는 임산부,"(1) 임산부 교통이용 편의 제공 ( 산전검진을 위한 병원 방문 등 )
 - 교통카드 지급 ( 10만 원 )","(1) 임산부 교통이용 편의 제공 ( 산전검진을 위한 병원 방문 등 )
 - 교통카드 지급 ( 10만 원 )",[],False,['임산부'],"['이용권', '교통지원']","['임신', '출산', '육아']",True,False,False,False,False,True,True,94,88,-0.06818181818181812,
임산부,강원특별자치도/동해시,임산부 및 영유아 관리 지원,https://www.gov.kr/portal/rcvfvrSvc/dtlEx/421000000627?administOrgCd=ALL,상시신청,보건소 방문 신청,보건소,현물,"지원대상
○ 관내 주민등록을 둔 임산부","지원내용
○ 관내 주민등록을 둔 임산부 대상으로 임산부 영양제 및 산전검사 쿠폰, 건강관리용품 등 제공",보건소 보건정책과 (☎033-530-2403),,임신/출산/육아,"이용권,물품지원",(1) 관내 주민등록을 둔 임산부,(1) 관내 주민등록을 둔 임산부,"(1) 관내 주민등록을 둔 임산부 대상으로 임산부 영양제 및 산전검사 쿠폰, 건강관리용품 등 제공","(1) 관내 주민등록을 둔 임산부 대상으로 임산부 영양제 및 산전검사 쿠폰, 건강관리용품 등 제공",[],False,['임산부'],"['이용권', '물품지원']","['임신', '출산', '육아']",True,False,False,False,False,True,True,73,79,0.07594936708860756,
한부모,강원특별자치도/동해시,저소득 주민 국민건강보험료 지원,https://www.gov.kr/portal/rcvfvrSvc/dtlEx/421000000634?administOrgCd=ALL,매월,"○ 개인 신청절차 없음
 - 국민건강보험공단에서 통보한 자료를 토대로 시담당자가 대상자 최종 선정",시·군·구청,현금(보험),"지원대상
○ 국민기초생활수급권자가 아닌 세대로 국민건강보험료 및 노인장기요양보험료의 부과금액이 최저보험료 미만인 세대
 - 주민등록상 65세 이상 노인으로 구성된 세대
 - 장애인복지법상 등록 장애인이 있는 세대
 - 한부모가족지원법상 한부모 또는 조손가족","지원내용
○ 저소득주민 건강보험료 지원
 - 지원근거 : 동해시 저소득주민 국민건강보험료 등 지원 조례
 - 지원금액 : 보험료 부과금액 기준 월 최저보험료 미만 범위 내",복지과 희망복지팀 (☎033-530-2130),,"한부모,고령자,취약계층","직접금전지원,보험료지원","(1) 국민기초생활수급권자가 아닌 세대로 국민건강보험료 및 노인장기요양보험료의 부과금액이 최저보험료 미만인 세대
 - 주민등록상 65세 이상 노인으로 구성된 세대
 - 장애인복지법상 등록 장애인이 있는 세대
 - 한부모가족지원법상 한부모 또는 조손가족",국민기초생활수급권자가 아닌 세대로 부과금액이 최저보험료 미만인 세대이다.,"(1) 저소득주민 건강보험료 지원
 - 지원근거 : 동해시 저소득주민 국민건강보험료 등 지원 조례
 - 보험료 부과금액 기준 월 최저보험료 미만 범위 내",저소득주민 건강보험료 지원으로 건강보험료가 지원된다.,"[[65, 200]]",True,['한부모'],"['직접금전지원', '보험료지원']","['한부모', '고령자', '취약계층']",True,True,False,False,False,False,True,70,239,0.7071129707112971,
임산부,강원특별자치도/삼척시,공공산후조리원 이용료 지급,https://www.gov.kr/portal/rcvfvrSvc/dtlEx/424000000167?administOrgCd=ALL,임신32주 경과 후,○ 삼척의료원 공공산후조리원 사전예약 신청 (033-570-7550),삼척의료원 공공산후조리원 사전예약 신청,현금(감면),"지원대상
○ 출산일 기준 관내 주민등록이 되어 있는 임산부(1년 이상 거주 증명)","지원내용
○ 공공산후조리원 이용료 지급(14일 기준 180만원)",건강증진과 (☎033-570-4696),,임신/출산/육아,"직접금전지원,감면할인지원",(1) 출산일 기준 관내 주민등록이 되어 있는 임산부 ( 1년 이상 거주 증명 ),(1) 출산일 기준 관내 주민등록이 되어 있는 임산부 ( 1년 이상 거주 증명 ),(1) 공공산후조리원 이용료 지급 ( 14일 기준 180만원 ),(1) 공공산후조리원 이용료 지급 ( 14일 기준 180만원 ),[],False,['임산부'],"['직접금전지원', '감면할인지원']","['임신', '출산', '육아']",True,True,False,False,False,False,True,81,81,0.0,1.8
한부모,강원특별자치도/삼척시,연탄 보일러 설치 지원,https://www.gov.kr/portal/rcvfvrSvc/dtlEx/424000000163?administOrgCd=ALL,2차신청 : 2024.08.02~08.22,"○ 방문 신청
 - 주민센터 : 거주지 관할 읍면동 주민센터에 방문 신청",주민센터,현금,"지원대상
○ 관내 삼척 저소득가구
 - 기초생활수급 가구
 - 차상위 계층(한부모 가정 포함)
 - 소년.소녀가장 세대
 - 그 밖의 소외계층 가구(만65세 이상 고령가구, 장애인가구, 그 밖의 저소득층 가구)
 - 그 밖에 시장이 필요로 하다고 인정하는 일반가구","지원내용
○ 저소득가구 연탄보일러 설치비 지원
 - 지원대상 : 삼척시에 주소를 두고 실제 거주하는 가구로서 최근 3년이내 보조금을 지원받지 아니한 가구로서
 연탄보일러 신규설치 가구, 기존 보일러(유류, 가스, 노후연탄보일러, 기타연료)를 연탄보일러로 교체하거나 연탄보일러를 겸용으로 설치하는 가구",경제과 (☎033-570-3366),,"한부모,취약계층",직접금전지원,"(1) 관내 삼척 저소득가구
 - 기초생활수급 가구
 - 차상위 계층 ( 한부모 가정 포함 )
 - 소년.소녀가장 세대
 - 그 밖의 소외계층 가구 ( 만65세 이상 고령가구, 장애인가구, 그 밖의 저소득층 가구 )
 - 그 밖에 시장이 필요로 하다고 인정하는 일반가구",관내 삼척 저소득가구와 삼천 저소득가구가 관내에 거주하고 있다.,"(1) 저소득가구 연탄보일러 설치비 지원
 - 삼척시에 주소를 두고 실제 거주하는 가구로서 최근 3년이내 보조금을 지원받지 아니한 가구로서
(2) 연탄보일러 신규설치 가구, 기존 보일러 ( 유류, 가스, 노후연탄보일러, 기타연료 ) 를 연탄보일러로 교체하거나 연탄보일러를 겸용으로 설치하는 가구","저소득가구 신규설치 가구, 기존 보일러를 연탄보일러로 교체하거나 겸용으로 설치하는 가구 등을 대상으로 지원한다.","[[65, 200]]",True,['한부모'],['직접금전지원'],"['한부모', '취약계층']",True,True,False,False,False,False,True,98,315,0.6888888888888889,
한부모,강원특별자치도/삼척시,저소득 주민 행복돌봄 지원,https://www.gov.kr/portal/rcvfvrSvc/dtlEx/424000000154?administOrgCd=ALL,상시신청,"○ 방문 신청
 - 주민센터 : 거주지 관할 읍면동 주민센터에 방문 신청",주민센터,서비스(돌봄),"지원대상
○ 「국민기초생활보장법」에 따른 수급권자 및 차상위 계층 

○ 「한부모가족지원법」에 따른 저소득 한부모 및 조손가족 

○ 「노인복지법」에 따른 홀로 사는 노인 및 노인으로만 구성된 가구 

○ 「아동복지법」에 따른 가정위탁보호아동, 소년소녀가정아동 

○ 「장애인복지법」에 따른 등록된 저소득 장애인 

○ 「사회복지사업법」에 따른 사회복지시설에서 보호를 하는 사람 또는 동 시설을 이용하는 사람 

○ 재해, 질병, 실직, 사고, 사업실패 등으로 생활이 어려운 사람 

○ 그 밖에 생활이 어려운 사람으로서 삼척시장(이하 “시장”이라 한다)이 지원이 필요하다고 인정하는 사람","지원내용
○ 저소득층 의료비, 간병비, 교육경비, 공공요금 등",복지정책과 (☎033-570-3348),,"한부모,임신/출산/육아,고령자,취약계층","교육지원,의료지원,서비스","(1) 「국민기초생활보장법」에 따른 수급권자 및 차상위 계층
(2) 「한부모가족지원법」에 따른 저소득 한부모 및 조손가족
(3) 「노인복지법」에 따른 홀로 사는 노인 및 노인으로만 구성된 가구
(4) 「아동복지법」에 따른 가정위탁보호아동, 소년소녀가정아동
(5) 「장애인복지법」에 따른 등록된 저소득 장애인
(6) 「사회복지사업법」에 따른 사회복지시설에서 보호를 하는 사람 또는 동 시설을 이용하는 사람
(7) 재해, 질병, 실직, 사고, 사업실패 등으로 생활이 어려운 사람
(8) 그 밖에 생활이 어려운 사람으로서 삼척시장 ( 이하 “시장”이라 한다 ) 이 지원이 필요하다고 인정하는 사람","「국민기초생활보장법」에 따른 수급권자 및 차상위 계층, 저소득 한부모 및 조손가족, 홀로 사는 노인 및 노인으로만 구성된 가구 등은 삼척시장 지원이 필요하다고 인정하는 사람 이다.","(1) 저소득층 의료비, 간병비, 교육경비, 공공요금 등","(1) 저소득층 의료비, 간병비, 교육경비, 공공요금 등",[],False,['한부모'],"['교육지원', '의료지원', '서비스']","['한부모', '임신', '출산', '육아', '고령자', '취약계층']",False,False,True,False,True,True,True,132,364,0.6373626373626373,
한부모,강원특별자치도/양구군,복지사각지대 및 저소득층 긴급 지원,https://www.gov.kr/portal/rcvfvrSvc/dtlEx/432000000245?administOrgCd=ALL,상시신청,"○ 방문 신청
 - 기타 : 병원, 해당 읍면사무소 내방.","병원,주민센터",현금,"지원대상
○ 재산기준 101백만원 이하, 소득기준 중위소득 75% 이하, 금융기준 800만원 이하 대상자","지원내용
○ 의료비 비급여 지원(간병비, 주거환경개선비)

○ 저소득층 특별지원",사회복지과 (☎033-480-2501),,취약계층,"직접금전지원,의료지원,주거지원","(1) 재산기준 101백만원 이하, 소득기준 중위소득 75% 이하, 금융기준 800만원 이하 대상자","(1) 재산기준 101백만원 이하, 소득기준 중위소득 75% 이하, 금융기준 800만원 이하 대상자","(1) 의료비 비급여 지원 ( 간병비, 주거환경개선비 )
(2) 저소득층 특별지원","(1) 의료비 비급여 지원 ( 간병비, 주거환경개선비 )
(2) 저소득층 특별지원",[],False,['한부모'],"['직접금전지원', '의료지원', '주거지원']",['취약계층'],True,True,True,True,False,True,True,101,103,0.01941747572815533,
임산부,강원특별자치도/양양군,임산부 영양제 지원,https://www.gov.kr/portal/rcvfvrSvc/dtlEx/435000000129?administOrgCd=ALL,상시신청,"○ 방문 신청
 - 보건소 : 관할 보건소",보건소,현물,"지원대상
○ 관할 보건소 등록 임신부","지원내용
○ 관내 주소를 둔 임산부로 임신초기부터 분만까지 엽산제 지원
○ 관내 주소를 둔 임산부로 임신 15주부터 분만후 3개월까지 철분제 지원
○ 관내 주소를 둔 임산부로 임신부터 분만까지 유산균제 지원
○ 관내 주소를 둔 임산부로 임신부터 분만까지 비타민D 지원",보건소 (☎033-670-1721),,임신/출산/육아,물품지원,(1) 관할 보건소 등록 임신부,(1) 관할 보건소 등록 임신부,"(1) 관내 주소를 둔 임산부로 임신초기부터 분만까지 엽산제 지원
(2) 관내 주소를 둔 임산부로 임신 15주부터 분만후 3개월까지 철분제 지원
(3) 관내 주소를 둔 임산부로 임신부터 분만까지 유산균제 지원
(4) 관내 주소를 둔 임산부로 임신부터 분만까지 비타민D 지원","관내 주소를 둔 임산부는 임신초기부터 분만까지 엽산제, 철분제, 유산균제, 비타민D를 지원받을 수 있다.",[],False,['임산부'],['물품지원'],"['임신', '출산', '육아']",False,False,False,False,False,True,True,76,170,0.5529411764705883,
한부모,강원특별자치도/영월군,어려운 가구 지원,https://www.gov.kr/portal/rcvfvrSvc/dtlEx/427000000236?administOrgCd=ALL,읍면 및 단체 일괄 추천,"○ 개인 신청절차 없음
 - 저소득가구 읍면, 단체 추천",개인 신청절차 없음,현물,"지원대상
○ 기초수급 및 차상위, 보훈단체 및 진규폐환자, 독거노인, 저소득 장애인, 기타 저소득가구","지원내용
○ 영월군 사회복지시설, 보훈단체, 진규폐환자, 저소득가구 등 설, 추석명절 위문품 지원
○ 혹서기 폭염 및 동절기 한파 취약계층 지원",주민복지과 (☎033-370-2619),,"1인가구,고령자,취약계층",물품지원,"(1) 기초수급 및 차상위, 보훈단체 및 진규폐환자, 독거노인, 저소득 장애인, 기타 저소득가구","(1) 기초수급 및 차상위, 보훈단체 및 진규폐환자, 독거노인, 저소득 장애인, 기타 저소득가구","(1) 영월군 사회복지시설, 보훈단체, 진규폐환자, 저소득가구 등 설, 추석명절 위문품 지원
(2) 혹서기 폭염 및 동절기 한파 취약계층 지원","(1) 영월군 사회복지시설, 보훈단체, 진규폐환자, 저소득가구 등 설, 추석명절 위문품 지원
(2) 혹서기 폭염 및 동절기 한파 취약계층 지원",[],False,['한부모'],['물품지원'],"['1인가구', '고령자', '취약계층']",False,False,False,False,False,False,True,133,137,0.029197080291970767,
여성,강원특별자치도/영월군,여성농업인 농작업 편이장비 지원,https://www.gov.kr/portal/rcvfvrSvc/dtlEx/427000000230?administOrgCd=ALL,매년 초,"○ 방문 신청
 - 읍면사무소 및 농업기술센터 : 거주지 관할 읍면사무소 및 농업기술센터에 방문 신청","농업기술센터,주민센터",현물,"지원대상
○ 관내 거주 여성농업인('22.12.31.이전 농업경영체 등록 必)","지원내용
○ 농산물 운반대, 소포장기 등 농작업 편이장비 지원, 농가당 10만원~300만원(50% 보조)",자원육성과 (☎033-370-7874),,농/어업인,물품지원,(1) 관내 거주 여성농업인 ( '22.12.31.이전 농업경영체 등록 必 ),(1) 관내 거주 여성농업인 ( '22.12.31.이전 농업경영체 등록 必 ),"(1) 농산물 운반대, 소포장기 등 농작업 편이장비 지원, 농가당 10만원~300만원 ( 50% 보조 )","(1) 농산물 운반대, 소포장기 등 농작업 편이장비 지원, 농가당 10만원~300만원 ( 50% 보조 )",[],False,['여성'],['물품지원'],"['농', '어업인']",False,False,False,False,False,False,True,102,102,0.0,3.0
임산부,강원특별자치도/영월군,영양플러스 보충식품 지원,https://www.gov.kr/portal/rcvfvrSvc/dtlEx/427000000240?administOrgCd=ALL,상시신청,"○ 방문 신청
 - 보건소 : 관할 보건소 방문",보건소,"현물, 기타(교육), 기타(상담)","지원대상
○ 대상구분: 임산부(임신ㆍ출산ㆍ수유부), 만 6세(72개월)까지의 영유아
○ 거주기준: 영월군 거주자
○ 소득수준: 가구 규모별 건강보험료 기준(기준 중위소득 80%) 
○ 영양위험요인: 빈혈,저체중, 성장부진, 영양섭취상태 중 한 가지 이상의 영양 위험요인 보유자
중복혜택 안돼요
'저소득층 기저귀,조제분유 지원사업'의 조제분유 지원을 받는 영유아 '임산부 친환경 농산물꾸러미사업'에 참여하는 임신,출산,수유부","지원내용
○ 영양취약계층에 보충식품 지원
○ 영양교육 및 상담 실시
○ 대상구분별 식생활ㆍ영양관리",영월군보건소 영양플러스실 (☎033-370-5456),,"임신/출산/육아,취약계층","교육지원,상담지원,물품지원","(1) 구분: 임산부 ( 임신ㆍ출산ㆍ수유부 ) , 만 6세 ( 72개월 ) 까지의 영유아
(2) 거주기준: 영월군 거주자
(3) 소득수준: 가구 규모별 건강보험료 기준 ( 기준 중위소득 80% ) 
(4) 영양위험요인: 빈혈,저체중, 성장부진, 영양섭취상태 중 한 가지 이상의 영양 위험요인 보유자
 - 중복혜택 안돼요
 - '저소득층 기저귀,조제분유 지원사업'의 조제분유 지원을 받는 영유아 '임산부 친환경 농산물꾸러미사업'에 참여하는 임신,출산,수유부","대상구분: 임산부, 만 6세 ( 72개월 ) 까지의 영유아 거주기준: 영월군 거주자 소득수준: 가구 규모별 건강보험료 기준: 영양위험요인: 빈혈, 저체중, 성장부진, 영양섭취상태 중 한 가지 이상의 영양 위험 요인 보유자 중복혜택 안돼요 '저소득층 기저귀, 조제분유 지원사업'에 참여하는 임신, 출산, 수유부.","(1) 영양취약계층에 보충식품 지원
(2) 영양교육 및 상담 실시
(3) 대상구분별 식생활ㆍ영양관리","영양취약계층에 보충식품 지원 영양교육 및 상담 실시 대상구분별 식생활ᆞ영양관리대상구분, 구분에 따라 식습관, 영양관리에 대해 교육 및 상담을 실시한다.","[[0, 6]]",True,['임산부'],"['교육지원', '상담지원', '물품지원']","['임신', '출산', '육아', '취약계층']",False,False,False,False,False,True,True,258,291,0.11340206185567014,
임산부,강원특별자치도/영월군,임신 및 출산 축하기념품 지원,https://www.gov.kr/portal/rcvfvrSvc/dtlEx/427000000195?administOrgCd=ALL,상시신청,"○ 임신 축하 기념품: 보건소 방문신청
○ 출산 축하 꾸러미: 거주지 관할 주민센터에 방문 신청","주민센터,보건소","현금, 현물","지원대상
○ 임신 축하 기념품: 관내 주민등록을 둔 임신 20주 이후 임산부
○ 출산 축하 꾸러미: 영월군에 출생신고 된 신생아 및 입양아동의 부모가 출산·입양일 기준으로 6개월 전부터 영월군에 주민등록을 두고, 지원일 현재 영월군에 계속 거주하는 사람(다만, 출산·입양일 기준으로 거주기간 6개월 미만인 경우, 부모 거주기간 6개월 충족 후 지급)","지원내용
○ 임신 축하 기념품: 임신 20주 이후 임신축하기념품(지역화폐 7만원) 제공
○ 출산 축하 꾸러미: 출산가정에 축하꾸러미(미역,소고기,티슈셑 등) 지원","영월군보건소 모자보건팀 (☎033-370-5452)
영월군보건소 모자보건팀 (☎033-370-5453)",,임신/출산/육아,"직접금전지원,물품지원","(1) 임신 축하 기념품: 관내 주민등록을 둔 임신 20주 이후 임산부
(2) 출산 축하 꾸러미: 영월군에 출생신고 된 신생아 및 입양아동의 부모가 출산·입양일 기준으로 6개월 전부터 영월군에 주민등록을 두고, 지원일 현재 영월군에 계속 거주하는 사람 ( 다만, 출산·입양일 기준으로 거주기간 6개월 미만인 경우, 부모 거주기간 6개월 충족 후 지급 )",임신 축하 기념품: 관내 주민등록을 둔 임신 20주 이후 임산부 출산 축하 꾸러미: 영월군에 출생신고 된 신생아 및 입양아동의 부모가 출산·입양일 기준으로 6개월 전부터 거주한다.,"(1) 임신 축하 기념품: 임신 20주 이후 임신축하기념품 ( 지역화폐 7만원 ) 제공
(2) 출산 축하 꾸러미: 출산가정에 축하꾸러미 ( 미역,소고기,티슈셑 등 ) 지원",임신 축하 기념품: 지역화폐 7만원 제공 출산 축하 꾸러미: 출산가정에 축하꾸러미를 지원한다.,"[[0, 1]]",True,['임산부'],"['직접금전지원', '물품지원']","['임신', '출산', '육아']",True,True,False,False,False,True,True,153,286,0.465034965034965,0.07
"여성, 임산부",강원특별자치도/영월군,풍진검사 지원,https://www.gov.kr/portal/rcvfvrSvc/dtlEx/427000000219?administOrgCd=ALL,상시신청,"○ 방문 신청
 - 보건소 : 관할 보건소 방문",보건소,서비스(의료),"지원대상
○ 관내 주민등록을 둔 가임기 여성 및 임산부","지원내용
○ 가임기여성 및 임산부 산전검사 및 풍진검사 지원",영월군 보건소 모자보건실 (☎033-370-5453),,임신/출산/육아,"의료지원,서비스",(1) 관내 주민등록을 둔 가임기 여성 및 임산부,(1) 관내 주민등록을 둔 가임기 여성 및 임산부,(1) 가임기여성 및 임산부 산전검사 및 풍진검사 지원,(1) 가임기여성 및 임산부 산전검사 및 풍진검사 지원,[],False,"['여성', '임산부']","['의료지원', '서비스']","['임신', '출산', '육아']",False,False,True,False,True,True,True,58,64,0.09375,
한부모,강원특별자치도/원주시,가사·간병 방문 지원,https://www.gov.kr/portal/rcvfvrSvc/dtlEx/419000000127?administOrgCd=ALL,상시신청,"○ 방문 신청
 - 주민센터 : 주소지 관할 읍면동 주민센터에 방문 신청",주민센터,이용권,"지원대상
○ 사업대상: 65세 미만의 기초생활수급자 및 차상위계층 중
 - 장애정도가 심한 장애인 (※장애인활동지원 서비스 우선 신청)
 - 중증질환자, 희귀난치성질환자, 의료급여 장기입원 사례관리 퇴원자
 - 소년소녀가정, 조손가정, 한부모가정의 자녀 및 손자녀
 - 예산의 범위 내에서 장애정도가 심하지 않은 장애인","지원내용
○ 지원대상 : 65세 미만의 기준중위소득 70% 이하 계층 중 가사·간병 서비스(신체수발, 청소·식사, 외출동행 등)가 필요한 자
 - 장애정도가 심한 장애인, 6개월 이상 치료를 요하는 중증질환자, 희귀난치성 질환자, 소년소녀가정, 조손가정, 한부모가정, 
 65세 미만의 의료급여수급자 중 장기입원 사례관리 퇴원자

○ 서비스 금액(1인/월) 
 - 정부지원금
 ㆍA형(월24시간) : 가형 412,800원 / 나형 388,030원
 ㆍB형(월27시간) : 가형 450,470원 / 나형 436,540원
 ㆍC형(월40시간) : 688,000원
 - 본인부담금
 ㆍA형(월24시간) : 가형 면제 / 나형 24,770원
 ㆍB형(월27시간) : 가형 13,930원 / 나형 27,860원
 ㆍC형(월40시간) : 면제

○ 제공기간 : 12개월(단, 재판정 절차를 통해 1년 단위로 연장 가능)",원주시청 생활보장과 (☎033-737-2671),,"한부모,취약계층","직접금전지원,이용권,의료지원,서비스","(1) 사업대상: 65세 미만의 기초생활수급자 및 차상위계층 중
 - 장애정도가 심한 장애인 ( ※장애인활동지원 서비스 우선 신청 )
 - 중증질환자, 희귀난치성질환자, 의료급여 장기입원 사례관리 퇴원자
 - 소년소녀가정, 조손가정, 한부모가정의 자녀 및 손자녀
 - 예산의 범위 내에서 장애정도가 심하지 않은 장애인",사업대상은 65세 미만의 기초생활수급자 및 차상위계층 중 65세이상의 65세가 미만인 수급자이다.,"(1) 65세 미만의 기준중위소득 70% 이하 계층 중 가사·간병 서비스 ( 신체수발, 청소·식사, 외출동행 등 ) 가 필요한 자
 - 장애정도가 심한 장애인, 6개월 이상 치료를 요하는 중증질환자, 희귀난치성 질환자, 소년소녀가정, 조손가정, 한부모가정,
(2) 65세 미만의 의료급여수급자 중 장기입원 사례관리 퇴원자
(3) 서비스 금액 ( 1인/월 )
 - 정부지원금
(4) ㆍA형 ( 월24시간 ) : 가형 412,800원 / 나형 388,030원
(5) ㆍB형 ( 월27시간 ) : 가형 450,470원 / 나형 436,540원
(6) ㆍC형 ( 월40시간 ) : 688,000원
 - 본인부담금
(7) ㆍA형 ( 월24시간 ) : 가형 면제 / 나형 24,770원
(8) ㆍB형 ( 월27시간 ) : 가형 13,930원 / 나형 27,860원
(9) ㆍC형 ( 월40시간 ) : 면제
(10) 제공기간 : 12개월 ( 단, 재판정 절차를 통해 1년 단위로 연장 가능 )","65세 미만의 기준중위소득 70% 이하 계층 중 가사·간병 서비스가 필요한 자 의료급여수급자 중 장기입원 사례관리 퇴원자 서비스 금액 ( 1인/월 ) , 제공기간 : 12개월 ( 단, 재판정 절차를 통해 1년 단위로 연장 가능 ) .","[[0, 64]]",True,['한부모'],"['직접금전지원', '이용권', '의료지원', '서비스']","['한부모', '취약계층']",True,True,True,False,True,True,True,185,631,0.7068145800316957,0.688
임산부,강원특별자치도/원주시,산후 건강관리 지원,https://www.gov.kr/portal/rcvfvrSvc/dtlEx/419000000120?administOrgCd=ALL,상시신청,"○ 방문 신청
 - 보건소 : 주소지 관할 보건소 방문",보건소,현금,"지원대상
○ 강원도내 6개월 이상 거주 산모","지원내용
○ 강원도 내 6개월 이상 거주 산모에게 산후 건강관리비 현금지원
 - 첫째 15만원, 둘째 20만원, 셋째아 이상 30만원",의료지원과 (☎033-737-4057),,임신/출산/육아,직접금전지원,(1) 강원도내 6개월 이상 거주 산모,(1) 강원도내 6개월 이상 거주 산모,"(1) 강원도 내 6개월 이상 거주 산모에게 산후 건강관리비 현금지원
 - 첫째 15만원, 둘째 20만원, 셋째아 이상 30만원",강원도 내 6개월 이상 거주 산모에게 산후 건강관리비를 현금지원하여 산모를 지원한다.,"[[0, 200]]",True,['임산부'],['직접금전지원'],"['임신', '출산', '육아']",True,True,False,False,False,True,True,69,99,0.303030303030303,0.3
한부모,강원특별자치도/인제군,저소득층 노인 보험료 지원,https://www.gov.kr/portal/rcvfvrSvc/dtlEx/433000000141?administOrgCd=ALL,신청 불필요,"○ 개인 신청절차 없음
 - 별도 신청 불필요",개인 신청절차 없음,현금(보험),"지원대상
○ 국민건강보험공단 인제군 지역가입자로서 보험료가 보건복지부장관이 고시한 최저보험료 이하인 노인·장애인·한부모세대","지원내용
○ 저소득 취약계층의 국민건강보험료 및 장기요양보험료 지원",주민복지과 (☎033-460-2212),,"한부모,고령자,취약계층","직접금전지원,보험료지원",(1) 국민건강보험공단 인제군 지역가입자로서 보험료가 보건복지부장관이 고시한 최저보험료 이하인 노인·장애인·한부모세대,(1) 국민건강보험공단 인제군 지역가입자로서 보험료가 보건복지부장관이 고시한 최저보험료 이하인 노인·장애인·한부모세대,(1) 저소득 취약계층의 국민건강보험료 및 장기요양보험료 지원,(1) 저소득 취약계층의 국민건강보험료 및 장기요양보험료 지원,[],False,['한부모'],"['직접금전지원', '보험료지원']","['한부모', '고령자', '취약계층']",True,True,False,False,False,False,True,100,106,0.05660377358490565,
한부모,강원특별자치도/인제군,한부모가족 생활안정비 지원,https://www.gov.kr/portal/rcvfvrSvc/dtlEx/433000000136?administOrgCd=ALL,상시신청,"○ 방문 신청
 - 주민센터 : 거주지 관할 읍면동 주민센터에 방문 신청",주민센터,현금,"지원대상
○ 관내에 주소를 둔 저소득 한부모가정","지원내용
○ 저소득한부모가족으로 책정된 가정에 매월 5만원 지급",주민복지과 (☎033-460-2216),,"한부모,취약계층",직접금전지원,(1) 관내에 주소를 둔 저소득 한부모가정,(1) 관내에 주소를 둔 저소득 한부모가정,(1) 저소득한부모가족으로 책정된 가정에 매월 5만원 지급,(1) 저소득한부모가족으로 책정된 가정에 매월 5만원 지급,[],False,['한부모'],['직접금전지원'],"['한부모', '취약계층']",True,True,False,False,False,True,True,56,62,0.09677419354838712,0.05
한부모,강원특별자치도/정선군,상수도사용료 감면,https://www.gov.kr/portal/rcvfvrSvc/dtlEx/429000000749?administOrgCd=ALL,상시신청,"○ 방문 신청
 - 주민센터 : 거주지 관할 주민센터에 방문 신청",주민센터,현금(감면),"지원대상
1. 「국민기초생활 보장법」에 따른 수급권자<개정 2012.09.07.2018.11.12.>

2. 세대주 또는 배우자가 「장애인연금법」제2조제1호 및 「장애인연금법 시행령」제2조에 따른 중증장애인<개정 2012.09.07.2018.11.12.>

3. 「한부모가족지원법」에 따른 수급권자<개정 2012.09.07>

4. 중수도시설 및 빗물이용시설을 설치한 때 또는 공익상 필요하다고 인정한 때<신설 2012.09.07>

5. 사용자의 책임이 없는 지하의 누수 등 규칙으로 정하는 경우<신설 2012.09.07>

6.「재난 및 안전관리 기본법」의에 따른 재난지역<신설 2012.09.07.2018.11.12.>, <개정 2021.03.05.>

7.「노인복지법」에 따른 노인주거복지시설, 노인의료복지시설, 노인여가복지시설 및 「장애인복지법」에 따른 장애인 거주시설 및 장애인 직업재활시설<신설 2015.10.5.><전호개정 2019.6.26>

8. 다자녀가구(셋째 자녀 이상 자녀를 출산 또는 입양하여 양육하는 가정 중「주민등록법」 제10조에 따라 신고한 주소에 함께 거주하고 있는 가장어린 자녀가 「민법」상 미성년자인 가구)인 경우<본호신설 2018.11.12.>,<일부개정 2019.6.26>

②제1항과 관련하여 공동주택에 거주하여 가구별 사용량 계측이 불가할 경우 가구당 10㎥을 감면하여 공용계량기에 부과하고 제1항제1호, 제2호, 제3호, 제8호에 의하여 요금을 감면받던 자가 주소를 변경하는 때에는 그 사실을 군수에게 신고하여야 하며, 주소변경 사실을 신고하지 아니한 때에는 요금 감면을 취소할 수 있다.<개정 2018.11.12.>

③상수원보호구역 내 실거주 수용가에 대하여는 사용요금의 50퍼센트를 감면한다. 다만, 가정용에 한한다.

④「초ㆍ중등교육법」제2조에 해당하는 학교, 「유아교육법」제2조제2호에 따른 유치원,「영ㆍ유아보육법」제2조 제3호에 따른 어린이집은 해당 업종 최초 1단계 요금을 적용한다. 다만, 「유아교육법」제7조 제3호에 해당하는 사립유치원 및 어린이집은 급수 배관시설이 분리되어 있고 서로 혼용의 우려가 없는 개별계량기를 사용하여야 하며, 공동 계량기를 사용하여 요금산정이 어려울 경우 감면하지 않는다.<개정 2018.11.12., 2021.03.05.>

⑤제1항, 제2항 및 제3항에 따른 감면금액 및 제4항에 따른 고지 부족분은 해당 업무를 관리하는 부서의 예산으로 지원할 수 있다.<개정 2018.11.12.>

⑥공중위생 등 식품접객업소를 관리하는 부서에서 모범업소 및 으뜸업소로 지정?통보한 업소의 수도사용료는 업소 관리부서의 예산으로 업소 감면 사용료를 지원할 경우 감면한다.

⑦「재난 및 안전관리 기본법」에 따른 재난사태 선포지역 또는 특별재난지역에 대해서는 재난관리 기간 동안 그 지역의 수용가에 대하여 구경별 기본요금만 부과한다.<개정 2018.11.12., 2021.03.05.>

⑧제1항과 제2항의 규정에 따라 감면 받고자 하는 자는 해당 수도사용료를 고지한 달의 다음달 말일까지 해당 증명서류를 첨부하여 별지 서식에 따라 군수에게 감면신청서를 제출하여야 한다. 다만, 해당 업무 관계공무원의 확인으로 사실이 증명된 경우에는 입증서류를 첨부하지 않을 수 있다. <개정 2021.03.05.>

⑨제1항, 제2항 및 제3항의 규정에 중복으로 해당될 경우 수용가에게 유리한 한 가지 항목만 적용한다.

⑩그 밖에 군수가 공익상 필요하다고 인정한 경우
<본조개정 2011.04.20>","지원내용
○ 상수도사용료 월 최대 5천원 감면",상하수도사업소 (☎033-560-2937),,"한부모,임신/출산/육아,고령자,취약계층","직접금전지원,감면할인지원","(1) 「국민기초생활 보장법」에 따른 수급권자
(2) 세대주 또는 배우자가 「장애인연금법」제2조제1호 및 「장애인연금법 시행령」제2조에 따른 중증장애인
(3) 「한부모가족지원법」에 따른 수급권자
(4) 중수도시설 및 빗물이용시설을 설치한 때 또는 공익상 필요하다고 인정한 때
(5) 사용자의 책임이 없는 지하의 누수 등 규칙으로 정하는 경우
(6) 「재난 및 안전관리 기본법」의에 따른 재난지역,
(7) 「노인복지법」에 따른 노인주거복지시설, 노인의료복지시설, 노인여가복지시설 및 「장애인복지법」에 따른 장애인 거주시설 및 장애인 직업재활시설
(8) 다자녀가구 ( 셋째 자녀 이상 자녀를 출산 또는 입양하여 양육하는 가정 중「주민등록법」 제10조에 따라 신고한 주소에 함께 거주하고 있는 가장어린 자녀가 「민법」상 미성년자인 가구 ) 인 경우,
②제1항과 관련하여 공동주택에 거주하여 가구별 사용량 계측이 불가할 경우 가구당 10㎥을 감면하여 공용계량기에 부과하고 제1항제1호, 제2호, 제3호, 제8호에 의하여 요금을 감면받던 자가 주소를 변경하는 때에는 그 사실을 군수에게 신고하여야 하며, 주소변경 사실을 신고하지 아니한 때에는 요금 감면을 취소할 수 있다.<개정 2018.11.12.>

③상수원보호구역 내 실거주 수용가에 대하여는 사용요금의 50퍼센트를 감면한다. 다만, 가정용에 한한다.

④「초ㆍ중등교육법」제2조에 해당하는 학교, 「유아교육법」제2조제2호에 따른 유치원,「영ㆍ유아보육법」제2조 제3호에 따른 어린이집은 해당 업종 최초 1단계 요금을 적용한다. 다만, 「유아교육법」제7조 제3호에 해당하는 사립유치원 및 어린이집은 급수 배관시설이 분리되어 있고 서로 혼용의 우려가 없는 개별계량기를 사용하여야 하며, 공동 계량기를 사용하여 요금산정이 어려울 경우 감면하지 않는다.<개정 2018.11.12., 2021.03.05.>

⑤제1항, 제2항 및 제3항에 따른 감면금액 및 제4항에 따른 고지 부족분은 해당 업무를 관리하는 부서의 예산으로 지원할 수 있다.<개정 2018.11.12.>

⑥공중위생 등 식품접객업소를 관리하는 부서에서 모범업소 및 으뜸업소로 지정?통보한 업소의 수도사용료는 업소 관리부서의 예산으로 업소 감면 사용료를 지원할 경우 감면한다.

⑦「재난 및 안전관리 기본법」에 따른 재난사태 선포지역 또는 특별재난지역에 대해서는 재난관리 기간 동안 그 지역의 수용가에 대하여 구경별 기본요금만 부과한다.<개정 2018.11.12., 2021.03.05.>

⑧제1항과 제2항의 규정에 따라 감면 받고자 하는 자는 해당 수도사용료를 고지한 달의 다음달 말일까지 해당 증명서류를 첨부하여 별지 서식에 따라 군수에게 감면신청서를 제출하여야 한다. 다만, 해당 업무 관계공무원의 확인으로 사실이 증명된 경우에는 입증서류를 첨부하지 않을 수 있다. <개정 2021.03.05.>

⑨제1항, 제2항 및 제3항의 규정에 중복으로 해당될 경우 수용가에게 유리한 한 가지 항목만 적용한다.

⑩그 밖에 군수가 공익상 필요하다고 인정한 경우
<본조개정 2011.04.20>","상수원보호구역 내 실거주 수용가에 대하여는 사용요금의 50퍼센트를 감면한다. 다만, 가정용에 한한다. 「초ᆞ중등교육법」제2조에 해당하는 학교, 유치원 등은 최초 1단계 요금을 적용하고, 사립유치원 및 어린이집은 급수 배관시설이 분리되어 있고 서로 혼용의 우려가 없는 개별계량기를 사용하며, 공동 계량기 사용으로 요금산정이 어려울 경우 감면하지 않는다. 감면금액 및 제4항에 따른 고지 부족분은 해당 업무를 관리하는 부서의 예산으로 지원할 수 있다.",(1) 상수도사용료 월 최대 5천원 감면,상수도사용료 감면으로 월 최대 5천원 감면이 가능하며 상수도는 사용료를 감면해 준다.,[],False,['한부모'],"['직접금전지원', '감면할인지원']","['한부모', '임신', '출산', '육아', '고령자', '취약계층']",True,True,False,False,False,True,True,298,1739,0.828637147786084,
한부모,강원특별자치도/춘천시,가사·간병 방문관리사 지원,https://www.gov.kr/portal/rcvfvrSvc/dtlEx/418000000228?administOrgCd=ALL,상시신청,"○ 신청권자 : 서비스 대상자 본인, 대상자의 친족 또는 법정대리인, 사회복지담당공무원(직권신청)
 - 친족범위(민법 제777조) : 배우자, 8촌 이내의 혈족, 4촌 이내의 인척
○ 신청기간 : 연중
○ 신청장소 : 대상자의 주민등록 주소지 읍면동 행정복지센터(방문신청)",주소지 읍면동 행정복지센터,이용권,"지원대상
○ 만 65세 미만의 기준 중위소득 70%이하의 계층 중 아래에 해당하여 가사ㆍ간병 서비스가 필요한 자
 - 장애정도가 심한 장애인 
 - 6개월 이상 치료를 요하는 중증질환자(보건복지부장관 고시 중증질환 상병 해당자) 
 - 희귀난치성 질환자(보건복지부장관 고시 희귀난치성 질환 상병 해당자) 
 - 소년소녀가정, 조손가정, 한부모가정(법정보호세대) ※이 경우 서비스 대상자는 자녀, 손자녀가 됨
 - 의료급여 수급자 중 장기입원 사례관리 퇴원자 
 - 기타 시․군․구청장이 예산의 범위 내에서 장애 정도가 심하지 않은 장애인, 부상으로 인한 장기 치료자 등 가사․간병 서비스가 필요하다고 인정하는 자
중복혜택 안돼요
- 유사 돌봄서비스 이용자(장애인활동지원서비스, 노인맞춤돌봄서비스, 노인장기요양보험급여 등), 보장시설입소자, 의료기관 입원 중인 이용자 등","지원내용
○ 사업목적 : 저소득층 위한 가사ㆍ간병 서비스를 지원하여 취약계층의 생활안정 도모

○ 지원대상 : 만 65세 미만의 기준중위소득 70%이하인 계층 중 아래에 해당하여는 자
 - 장애정도가 심한 장애인
 - 6개월 이상 치료를 필요로 하는 중증질환자(보건복지부장관이 고시한 중증질환 상병 해당자)
 - 희귀난치성 질환자(보건복지부장관이 고시한 희귀난치성 질환 상병 해당자)
 - 소년소녀가정, 조손가정, 한부모가정(이 경우 대상자는 자녀, 손자녀가 됨)
 - 의료급여수급자 중 장기입원 사례관리 퇴원자
 - 기타 시ㆍ군ㆍ구청장이 예산 범위 내에서 가사ㆍ간병서비스가 필요하다고 인정하는 자
 * 보건복지부장관이 고시한 상병 해당 여부는 상병(질병)코드 사전 확인 후 담당자 확인 요청

○ 제외대상
 - 유사 돌봄서비스 이용자 : 장애인활동지원서비스, 노인맞춤돌봄서비스, 노인장기요양보험급여 등
 - 보장시설입소자, 의료기관 입원 중인 이용자 등

○ 본인부담금(단위 : 월, 원)
 - 월24시간(A형) : 면제(기초수급자 및 차상위계층) / 24,770원(기준중위소득 70% 이하)
 - 월27시간(B형) : 13,930원(기초수급자 및 차상위계층) / 27,860원(기준중위소득 70% 이하)
 - 월40시간(C형) : 면제(C형의 경우 기초의료수급자 중 장기입원 사례관리 퇴원자에 한하여 제공)

○ 지원절차 : 신청(주민등록상 주소지 읍면동 행정복지센터) → 자격확인 및 결정 통지(시군구) → 제공기관 계약 및 서비스 이용(서비스 이용자)

○ 지원기간 : 자격결정일로부터 1년(재판정 절차를 통해 1년 단위 연장 가능)
 - 의료급여수급자 중 장기입원 사례관리 퇴원자는 C형 이용 시 12개월 지원(연장불가)

○ 지원내용
 - 신체수발 지원(목욕, 세면, 식사 등)
 - 건강지원(체위 변경, 재활운동 보조 등)
 - 가사 지원(청소, 식사준비 등)
 - 일상생활 지원(외출 동행, 말벗 등)",복지지원과 (☎033-250-3745),,"한부모,임신/출산/육아,고령자,취약계층","이용권,의료지원,서비스","(1) 만 65세 미만의 기준 중위소득 70%이하의 계층 중 아래에 해당하여 가사ㆍ간병 서비스가 필요한 자
 - 장애정도가 심한 장애인
 - 6개월 이상 치료를 요하는 중증질환자 ( 보건복지부장관 고시 중증질환 상병 해당자 )
 - 희귀난치성 질환자 ( 보건복지부장관 고시 희귀난치성 질환 상병 해당자 )
 - 소년소녀가정, 조손가정, 한부모가정 ( 법정보호세대 ) ※이 경우 서비스 대상자는 자녀, 손자녀가 됨
 - 의료급여 수급자 중 장기입원 사례관리 퇴원자
 - 기타 시․군․구청장이 예산의 범위 내에서 장애 정도가 심하지 않은 장애인, 부상으로 인한 장기 치료자 등 가사․간병 서비스가 필요하다고 인정하는 자
 - 중복혜택 안돼요
 - 유사 돌봄서비스 이용자 ( 장애인활동지원서비스, 노인맞춤돌봄서비스, 노인장기요양보험급여 등 ) , 보장시설입소자, 의료기관 입원 중인 이용자 등",만 65세 미만의 기준 중위소득 70%이하의 계층 중 아래에 해당하여 가사ᆞ간병 서비스가 필요한 자 중복혜택 안돼요,"(1) 사업목적 : 저소득층 위한 가사ㆍ간병 서비스를 지원하여 취약계층의 생활안정 도모
(2) 만 65세 미만의 기준중위소득 70%이하인 계층 중 아래에 해당하여는 자
 - 장애정도가 심한 장애인
 - 6개월 이상 치료를 필요로 하는 중증질환자 ( 보건복지부장관이 고시한 중증질환 상병 해당자 )
 - 희귀난치성 질환자 ( 보건복지부장관이 고시한 희귀난치성 질환 상병 해당자 )
 - 소년소녀가정, 조손가정, 한부모가정 ( 이 경우 대상자는 자녀, 손자녀가 됨 )
 - 의료급여수급자 중 장기입원 사례관리 퇴원자
 - 기타 시ㆍ군ㆍ구청장이 예산 범위 내에서 가사ㆍ간병서비스가 필요하다고 인정하는 자
(3) * 보건복지부장관이 고시한 상병 해당 여부는 상병 ( 질병 ) 코드 사전 확인 후 담당자 확인 요청
(4) 제외대상
 - 유사 돌봄서비스 이용자 : 장애인활동지원서비스, 노인맞춤돌봄서비스, 노인장기요양보험급여 등
 - 보장시설입소자, 의료기관 입원 중인 이용자 등
(5) 본인부담금 ( 단위 : 월, 원 )
 - 월24시간 ( A형 ) : 면제 ( 기초수급자 및 차상위계층 ) / 24,770원 ( 기준중위소득 70% 이하 )
 - 월27시간 ( B형 ) : 13,930원 ( 기초수급자 및 차상위계층 ) / 27,860원 ( 기준중위소득 70% 이하 )
 - 월40시간 ( C형 ) : 면제 ( C형의 경우 기초의료수급자 중 장기입원 사례관리 퇴원자에 한하여 제공 )
(6) 지원절차 : 신청 ( 주민등록상 주소지 읍면동 행정복지센터 ) → 자격확인 및 결정 통지 ( 시군구 ) → 제공기관 계약 및 서비스 이용 ( 서비스 이용자 )
(7) 지원기간 : 자격결정일로부터 1년 ( 재판정 절차를 통해 1년 단위 연장 가능 )
 - 의료급여수급자 중 장기입원 사례관리 퇴원자는 C형 이용 시 12개월 지원 ( 연장불가 )
 - 신체수발 지원 ( 목욕, 세면, 식사 등 )
 - 건강지원 ( 체위 변경, 재활운동 보조 등 )
 - 가사 지원 ( 청소, 식사준비 등 )
 - 일상생활 지원 ( 외출 동행, 말벗 등 )",취약계층의 생활안정을 도모하기 위해 만 65세 미만의 기준중위소득 70%이하인 계층 중 아래에 해당되는 자를 대상으로 본인부담금을 지원한다.,"[[0, 200]]",True,['한부모'],"['이용권', '의료지원', '서비스']","['한부모', '임신', '출산', '육아', '고령자', '취약계층']",True,False,True,False,True,True,True,143,1391,0.897196261682243,0.02786
임산부,강원특별자치도/춘천시,공영주차장 이용요금 감면,https://www.gov.kr/portal/rcvfvrSvc/dtlEx/O00002300003?administOrgCd=ALL,상시신청,"○ 방문 신청
 - 기타 : 춘천도시공사 공영주차장 현장확인",공영주차장,시설이용,"지원대상
○ 국가유공자 : 국가유공자의 차량으로 본인이 탑승한 차량

○ 장애인 : 장애인의 차량으로 본인이 탑승한 차량

○ 고엽제후유의증 환자 : 등록된 고엽제후유의증 등 환자의 차량으로 본인이 탑승한 차량

○ 저공해차량 : 저공해차량 표지를 부착한 차량

○ 임산부차량 : 모자보건수첩 또는 춘천시에서 발급한 임산부차량증을 소지하고 있는 임산부 본인이 탑승한 차량
 - 반비다복카드 소지자 : 반비다복카드를 소지하고 있는 사람이 탑승한 차량
 - 춘천시 의사자 유족 또는 의상자 및 그 가족 : ""좌동"" 이 탑승한 차량
 - 경형자동차 : 자동차관리법에 의거한 경형자동차
 - 전통시장 이용고객 : 전통시장 및 상점가 육성을 위한 조례 제4조
 - 춘천시자원봉사자 : 춘천시 자원봉사활동 지원 조례에 따라 발급된 자원봉사증 소지자","지원내용
○ 공영주차장 주차요금 감면
 - 국가유공자 : 주차요금 1시간 감면 후 50% 할인
 - 장애인 : 주차요금의 1시간 감면 후 50%할인
 - 고엽제후유의증 환자 : 주차요금의 1시간 감면 후 50% 할인
 - 친환경차량(하이브리드, 전기차, 수소차 등): 주차요금 1시간 감면 후 50% 할인
 - 임산부차량 : 주차요금의 1시간 감면 후 50% 할인
 - 반비다복카드 소지자 : 주차요금의 1시간 감면 후 50% 할인
 - 춘천시 의사자 유족 또는 의상자 및 그 가족 : 주차요금의 1시간 감면 후 50% 할인
 - 경형자동차 : 주차요금의 1시간 감면 후 50% 할인
 - 전통시장 이용고객 : 상점 이용 시 상점에 비치된 QR코드 스캔 1시간 감면(본인 스마트폰 이용)
 - 춘천시자원봉사자 : 자원봉사자 마일리지 차감
 - 헌혈자: 헌혈증 확인 후 1시간 감면후 50% 할인",주차검침부 (☎033-240-1653),,"임신/출산/육아,취약계층","감면할인지원,서비스","(1) 국가유공자 : 국가유공자의 차량으로 본인이 탑승한 차량
(2) 장애인 : 장애인의 차량으로 본인이 탑승한 차량
(3) 고엽제후유의증 환자 : 등록된 고엽제후유의증 등 환자의 차량으로 본인이 탑승한 차량
(4) 저공해차량 : 저공해차량 표지를 부착한 차량
(5) 임산부차량 : 모자보건수첩 또는 춘천시에서 발급한 임산부차량증을 소지하고 있는 임산부 본인이 탑승한 차량
 - 반비다복카드 소지자 : 반비다복카드를 소지하고 있는 사람이 탑승한 차량
 - 춘천시 의사자 유족 또는 의상자 및 그 가족 : ""좌동"" 이 탑승한 차량
 - 경형자동차 : 자동차관리법에 의거한 경형자동차
 - 전통시장 이용고객 : 전통시장 및 상점가 육성을 위한 조례 제4조
 - 춘천시자원봉사자 : 춘천시 자원봉사활동 지원 조례에 따라 발급된 자원봉사증 소지자","국가유공자, 장애인, 고엽제후유의증 환자, 저공해차량, 임산부차량증, 모자보건수첩 또는 춘천시 발급 임사부증을 소지하고 있는 장애인 등 본인이 탑승한 차량에 표지를 부착한 차량이 있다.","(1) 공영주차장 주차요금 감면
 - 국가유공자 : 주차요금 1시간 감면 후 50% 할인
 - 장애인 : 주차요금의 1시간 감면 후 50%할인
 - 고엽제후유의증 환자 : 주차요금의 1시간 감면 후 50% 할인
 - 친환경차량 ( 하이브리드, 전기차, 수소차 등 ) : 주차요금 1시간 감면 후 50% 할인
 - 임산부차량 : 주차요금의 1시간 감면 후 50% 할인
 - 반비다복카드 소지자 : 주차요금의 1시간 감면 후 50% 할인
 - 춘천시 의사자 유족 또는 의상자 및 그 가족 : 주차요금의 1시간 감면 후 50% 할인
 - 경형자동차 : 주차요금의 1시간 감면 후 50% 할인
 - 전통시장 이용고객 : 상점 이용 시 상점에 비치된 QR코드 스캔 1시간 감면 ( 본인 스마트폰 이용 )
 - 춘천시자원봉사자 : 자원봉사자 마일리지 차감
 - 헌혈자: 헌혈증 확인 후 1시간 감면후 50% 할인","공영주차장 주차요금을 감면해 주고, 공영주거장은 주차요금 감면 혜택을 준다.",[],False,['임산부'],"['감면할인지원', '서비스']","['임신', '출산', '육아', '취약계층']",True,False,False,False,True,True,True,146,857,0.8296382730455076,
한부모,강원특별자치도/춘천시,꿈자람 어린이공원 입장료 할인,https://www.gov.kr/portal/rcvfvrSvc/dtlEx/O00002300002?administOrgCd=ALL,상시신청,"○ 방문 신청
 - 매표소 : 이용당일 감면대상자 증명서류를 지참하여 매표소 방문",매표소,시설이용,"지원대상
○ 24개월 미만 영유아(정부발급서류)

○ 춘천시드림스타트 등록 아동(등록증)

○ 국민기초생활수급자 아동(수급증명서)

○ 아동양육시설 보호아동(아동시설확인서)

○ 장애인 아동(장애인등록증)

○ 한부모가족 아동(한부모가족증명서)

○ 20인 이상 단체 아동","지원내용
○ 꿈자람어린이공원 이용료 감면(100%)
 - 24개월 미만 영유아
 - 춘천시드림스타트 등록 아동

○ 꿈자람어린이공원 이용료 감면(50%)
 - 「국민기초생활 보장법」에 따른 수급자
 - 「아동복지법」에 따른 아동양육시설 보호아동
 - 「장애인복지법」에 따른 등록 장애인
 - 「한부모가족지원법」에 따른 한부모가족

○ 꿈자람어린이공원 이용료 감면(10%)
 - 20인 이상 단체",체육시설4부 (☎033-240-1752),,"한부모,임신/출산/육아,취약계층","감면할인지원,서비스","(1) 24개월 미만 영유아 ( 정부발급서류 )
(2) 춘천시드림스타트 등록 아동 ( 등록증 )
(3) 국민기초생활수급자 아동 ( 수급증명서 )
(4) 아동양육시설 보호아동 ( 아동시설확인서 )
(5) 장애인 아동 ( 장애인등록증 )
(6) 한부모가족 아동 ( 한부모가족증명서 )
(7) 20인 이상 단체 아동","24개월 미만 영유아 ( 정부발급서류 ) , 춘천시드림스타트 등록 아동 ( 등록증 ) , 국민기초생활수급자 아동, 아동양육시설 보호아동 등 20인 이상 단체 아동이 20인이상이다.","(1) 꿈자람어린이공원 이용료 감면 ( 100% )
 - 24개월 미만 영유아
 - 춘천시드림스타트 등록 아동
(2) 꿈자람어린이공원 이용료 감면 ( 50% )
 - 「국민기초생활 보장법」에 따른 수급자
 - 「아동복지법」에 따른 아동양육시설 보호아동
 - 「장애인복지법」에 따른 등록 장애인
 - 「한부모가족지원법」에 따른 한부모가족
(3) 꿈자람어린이공원 이용료 감면 ( 10% )
 - 20인 이상 단체",꿈자람어린이공원의 이용료 감면 ( 100% ) 꿈자연어린이공원 이용료를 감면 ( 50% ) (15) 꿈 자연 어린이 공원을 이용한다.,"[[0, 2]]",True,['한부모'],"['감면할인지원', '서비스']","['한부모', '임신', '출산', '육아', '취약계층']",True,False,False,False,True,True,True,175,373,0.5308310991957105,
임산부,강원특별자치도/춘천시,산후 건강관리 의료비 지원,https://www.gov.kr/portal/rcvfvrSvc/dtlEx/418000000243?administOrgCd=ALL,상시신청,"○ 방문/온라인 신청
 - 신청방법: 관할 보건소 방문, 보조금24 
 - 신청기한: 출산 후 6개월 이내
 - 구비서류: 산모 신분증, 산모명의 통장사본, 진료비 영수증 및 약제비 영수증 원본, 진료비 상세내역서(출산 이전 계산시), 가족관계증명서(등본 상 세대분리 시)",보건소,현금,"지원대상
○ 신청일 기준 도내 6개월 계속 거주 임산부
○ 아기 출생신고 후 신청","지원내용
○ 출산 후(출산한당일 포함) 사용한 의료비 및 약제비를 지원

 ※ 출생순위 별 지원 한도 내 지원 : 첫째(15만원), 둘째(20만원), 셋째이상(30만원)",보건소 건강관리과 (☎033-250-4663),,임신/출산/육아,"직접금전지원,의료지원","(1) 신청일 기준 도내 6개월 계속 거주 임산부
(2) 아기 출생신고 후 신청","(1) 신청일 기준 도내 6개월 계속 거주 임산부
(2) 아기 출생신고 후 신청","(1) 출산 후 ( 출산한당일 포함 ) 사용한 의료비 및 약제비를 지원
(2) 출생순위 별 지원 한도 내 지원 : 첫째 ( 15만원 ) , 둘째 ( 20만원 ) , 셋째이상 ( 30만원 )","(1) 출산 후 ( 출산한당일 포함 ) 사용한 의료비 및 약제비를 지원
(2) 출생순위 별 지원 한도 내 지원 : 첫째 ( 15만원 ) , 둘째 ( 20만원 ) , 셋째이상 ( 30만원 )","[[0, 1]]",True,['임산부'],"['직접금전지원', '의료지원']","['임신', '출산', '육아']",True,True,True,False,False,True,True,150,140,-0.0714285714285714,0.3
한부모,강원특별자치도/춘천시,생계곤란가정 긴급생활용품 지원,https://www.gov.kr/portal/rcvfvrSvc/dtlEx/418000000230?administOrgCd=ALL,상시신청,"○ 방문 신청
 - 주민센터 : 거주지 관할 읍면동 행정복지센터에 방문 신청",주민센터,현물,"지원대상
○ 지원기준 : 기중중위소득 120%이내(건강보험료기준)

○ 지원대상 
 - 수급권자 및 차상위계층, 사회복지시설 이용자 
 - 재난,재해 및 휴,폐업 실업,질병,사고 등의 사유로 긴급지원이 필요한자 
 - 그 밖에 생활안정 지원이 필요하다고 시장이 인정하는자","지원내용
○ 현물지원 : 난방용품, 생활필수품, 의류, 식료품, 의료용품, 가전제품 등(지원 종료 시 1년간 재지원 불가)",복지정책과 (☎033-250-3496),,취약계층,"의료지원,물품지원","(1) 지원기준 : 기중중위소득 120%이내 ( 건강보험료기준 )
 - 수급권자 및 차상위계층, 사회복지시설 이용자
 - 재난,재해 및 휴,폐업 실업,질병,사고 등의 사유로 긴급지원이 필요한자
 - 그 밖에 생활안정 지원이 필요하다고 시장이 인정하는자",지원기준 : 기중중위소득 120%이내 ( 건강보험료기준 ) 을 ( 를 ) 지원합니다.,"(1) 현물지원 : 난방용품, 생활필수품, 의류, 식료품, 의료용품, 가전제품 등 ( 지원 종료 시 1년간 재지원 불가 )","(1) 현물지원 : 난방용품, 생활필수품, 의류, 식료품, 의료용품, 가전제품 등 ( 지원 종료 시 1년간 재지원 불가 )",[],False,['한부모'],"['의료지원', '물품지원']",['취약계층'],False,False,True,False,False,True,True,116,220,0.4727272727272728,
한부모,강원특별자치도/춘천시,춘천형 위기가구 생활안정 지원,https://www.gov.kr/portal/rcvfvrSvc/dtlEx/418000000240?administOrgCd=ALL,상시신청,"○ 방문 신청
 - 읍면동 행정복지센터 : 거주지 행정복지센터에 방문 신청

◯ 방문신청 어려울시 병원 내 사회사업실 통해 상담 진행 후 신청 가능",주민센터,현금,"지원대상
○ 춘천시 관내(주민등록)거주지로 기준 중위소득120%이하, 재산1억5,200만원 이하, 금융800만원 이하 가구
중복혜택 안돼요
긴급복지지원사업과 동일항목 동시지원 불가(긴급복지지원 생계-춘천형 위기가구 생계, 긴급복지지원 의료-춘천형 위기가구 의료 등)","지원내용
○ 갑작스런 응급상황에 처한 위기, 욕구별 맞춤서비스 지원
 - 의료비, 간병비, 생계비, 난방비, 주거수리비, 체납공과금 등",복지정책과 (☎033-250-3555),,취약계층,"직접금전지원,의료지원,주거지원,생계지원,서비스","(1) 춘천시 관내 ( 주민등록 ) 거주지로 기준 중위소득120%이하, 재산1억5,200만원 이하, 금융800만원 이하 가구
 - 중복혜택 안돼요
 - 긴급복지지원사업과 동일항목 동시지원 불가 ( 긴급복지지원 생계-춘천형 위기가구 생계, 긴급복지지원 의료-춘천형 위기가구 의료 등 )","춘천시 관내거주지로 기준 중위소득120%이하, 재산1억5,200만원 이하, 금융800만원 이하의 가구 중복혜택 안됌, 긴급복지지원사업과 동일항목 동시지원 불가이다.","(1) 갑작스런 응급상황에 처한 위기, 욕구별 맞춤서비스 지원
 - 의료비, 간병비, 생계비, 난방비, 주거수리비, 체납공과금 등","(1) 갑작스런 응급상황에 처한 위기, 욕구별 맞춤서비스 지원
 - 의료비, 간병비, 생계비, 난방비, 주거수리비, 체납공과금 등",[],False,['한부모'],"['직접금전지원', '의료지원', '주거지원', '생계지원', '서비스']",['취약계층'],True,True,True,True,True,True,True,164,224,0.2678571428571429,
한부모,강원특별자치도/태백시,경로식당 무료급식 지원,https://www.gov.kr/portal/rcvfvrSvc/dtlEx/422000000122?administOrgCd=ALL,상시신청,"○ 방문 신청
 - 기타 : 장성중앙쉼터, 태백무료급식소, 동점마을쉼터, 태백지역자활센터","장성중앙쉼터, 태백무료급식소, 동점마을쉼터, 태백지역자활센터",현물,"지원대상
○ 결식의 우려가 있는 65세 이상 어르신","지원내용
○ 생계유지의 어려움 및 기타 부득이한 사정으로 인해 결식의 우려가 있는 65세 이상 어르신들을 대상으로 무료급식 제공(코로나19로 인한 도시락 배부)",사회복지과 (☎033-550-2177),,고령자,물품지원,(1) 결식의 우려가 있는 65세 이상 어르신,(1) 결식의 우려가 있는 65세 이상 어르신,(1) 생계유지의 어려움 및 기타 부득이한 사정으로 인해 결식의 우려가 있는 65세 이상 어르신들을 대상으로 무료급식 제공 ( 코로나19로 인한 도시락 배부 ),(1) 생계유지의 어려움 및 기타 부득이한 사정으로 인해 결식의 우려가 있는 65세 이상 어르신들을 대상으로 무료급식 제공 ( 코로나19로 인한 도시락 배부 ),"[[65, 200]]",True,['한부모'],['물품지원'],['고령자'],False,False,False,False,False,True,True,115,118,0.025423728813559365,
임산부,강원특별자치도/태백시,무료독감 예방접종,https://www.gov.kr/portal/rcvfvrSvc/dtlEx/422000000107?administOrgCd=ALL,2025. 10.~2026. 3.,"○ 방문 신청
 - 보건소 : 관할 보건소 방문",보건소,서비스(의료),"지원대상
○ 만 65세 이상 어르신 무료독감 예방접종
○ 만 13세 이하 어린이 무료독감 예방접종
○ 임신부 무료독감 예방접종
○ 기초생활수급자, 보건소에 등록된 재가진폐부부, 결혼이민자, 당해헌혈자, 심한 장애인, 국가유공자의 무료독감 예방접종 : 25년 10월 중","지원내용
○ 만 65세 이상 어르신 무료독감 예방접종
○ 만 13세 이하 어린이 무료독감 예방접종
○ 임신부 무료독감 예방접종
○ 기초생활수급자, 보건소에 등록된 재가진폐부부, 결혼이민자, 당해헌혈자, 심한 장애인, 국가유공자의 무료독감 예방접종 : 25년 10~11월 까지",태백시 보건소 (☎033-550-3034),,"임신/출산/육아,고령자,신혼부부,다문화,취약계층","의료지원,서비스","(1) 만 65세 이상 어르신 무료독감 예방접종
(2) 만 13세 이하 어린이 무료독감 예방접종
(3) 임신부 무료독감 예방접종
(4) 기초생활수급자, 보건소에 등록된 재가진폐부부, 결혼이민자, 당해헌혈자, 심한 장애인, 국가유공자의 무료독감 예방접종 : 25년 10월 중","25년 10월 중 무료독감 예방접종은 만 65세 이상 어르신, 임신부, 기초생활수급자, 재가진폐부부, 결혼이민자, 당해헌혈자, 심한 장애인, 국가유공자 등이다.","(1) 만 65세 이상 어르신 무료독감 예방접종
(2) 만 13세 이하 어린이 무료독감 예방접종
(3) 임신부 무료독감 예방접종
(4) 기초생활수급자, 보건소에 등록된 재가진폐부부, 결혼이민자, 당해헌혈자, 심한 장애인, 국가유공자의 무료독감 예방접종 : 25년 10~11월 까지","25년 10~11월까지 만 65세 이상 어르신 무료독감 예방접종은 임신부, 기초생활수급자, 재가진폐부부, 결혼이민자, 당해헌혈자, 심한 장애인, 국가유공자이다.","[[0, 13], [65, 200]]",True,['임산부'],"['의료지원', '서비스']","['임신', '출산', '육아', '고령자', '신혼부부', '다문화', '취약계층']",False,False,True,False,True,False,True,179,303,0.4092409240924092,
여성,강원특별자치도/태백시,여성농업인 노동경감 지원,https://www.gov.kr/portal/rcvfvrSvc/dtlEx/422000000134?administOrgCd=ALL,접수기관 별 상이,"ㅇ 신청방법
- 농업기술센터 방문신청",태백시농업기술센터,현금,"지원대상
ㅇ사업대상
- 관내 농촌지역 거주 농업경영체 등록 실제 영농에 종사하는 여성농업인
- 농촌지역외 거주자: 사업시행지침에 근거한 지준충족시 가능함","지원내용
ㅇ 사업내용
- 농작업 편이장비 지원(다용도 작업대 및 이동식 충천분무기 중 택1)",농업기술센터 (☎033-550-2721),,농/어업인,"직접금전지원,물품지원","(1) 사업대상
 - 관내 농촌지역 거주 농업경영체 등록 실제 영농에 종사하는 여성농업인
 - 농촌지역외 거주자: 사업시행지침에 근거한 지준충족시 가능함","(1) 사업대상
 - 관내 농촌지역 거주 농업경영체 등록 실제 영농에 종사하는 여성농업인
 - 농촌지역외 거주자: 사업시행지침에 근거한 지준충족시 가능함","(1) 사업내용
 - 농작업 편이장비 지원 ( 다용도 작업대 및 이동식 충천분무기 중 택1 )",사업내용에 대한 내용을 포함하여 사용하면 된다.,[],False,['여성'],"['직접금전지원', '물품지원']","['농', '어업인']",True,True,False,False,False,False,True,112,137,0.18248175182481752,
여성,강원특별자치도/태백시,여성농업인 복지바우처 지원,https://www.gov.kr/portal/rcvfvrSvc/dtlEx/422000000133?administOrgCd=ALL,접수기관 별 상이,ㅇ 방문신청: 태백시농업기술센터 내방신청,태백시농업기술센터,현금,"지원대상
ㅇ 사업대상
 - 관내거주하고 실제 영농에 종사하는 만20세~만75세 미만(1949.1.1~2004.12.31) 농업경영체 등록 여성농업인","지원내용
ㅇ 여성농업인 복지바우처 지원사업
 - 지원금액: 200천원(1인당)",농업기술센터 (☎033-550-2721),,농/어업인,"직접금전지원,이용권","(1) 사업대상
 - 관내거주하고 실제 영농에 종사하는 만20세~만75세 미만 ( 1949.1.1~2004.12.31 ) 농업경영체 등록 여성농업인","(1) 사업대상
 - 관내거주하고 실제 영농에 종사하는 만20세~만75세 미만 ( 1949.1.1~2004.12.31 ) 농업경영체 등록 여성농업인","(1) 여성농업인 복지바우처 지원사업
 - 200천원 ( 1인당 )","(1) 여성농업인 복지바우처 지원사업
 - 200천원 ( 1인당 )","[[20, 74]]",True,['여성'],"['직접금전지원', '이용권']","['농', '어업인']",True,True,False,False,False,False,True,120,126,0.04761904761904767,
임산부,강원특별자치도/태백시,임산부 산전건강관리 지원,https://www.gov.kr/portal/rcvfvrSvc/dtlEx/422000000121?administOrgCd=ALL,상시신청,"○ 방문 신청
 - 보건소 : 관할 보건소 방문",보건소,서비스(의료),"지원대상
○ 보건소 등록 임산부(관내 주민등록)","지원내용
○ 임산부 산전건강관리 지원
 - 임산부 산전 기형아검사 쿠폰 1회
 - 임산부 산전 초음파검사 5회
 - 임산부 엽산제(임신 확인 이후 임신 15주차) 지원
 - 임산부 철분제(임신 16주 이후 출산 전까지) 지원

○ 임신 축하용품 지원
○ 모성혈액검사(풍진검사제외)",태백시보건소 (☎033-550-3033),,임신/출산/육아,"이용권,의료지원,물품지원,서비스",(1) 보건소 등록 임산부 ( 관내 주민등록 ),(1) 보건소 등록 임산부 ( 관내 주민등록 ),"(1) 임산부 산전건강관리 지원
 - 임산부 산전 기형아검사 쿠폰 1회
 - 임산부 산전 초음파검사 5회
 - 임산부 엽산제 ( 임신 확인 이후 임신 15주차 ) 지원
 - 임산부 철분제 ( 임신 16주 이후 출산 전까지 ) 지원
(2) 임신 축하용품 지원
(3) 모성혈액검사 ( 풍진검사제외 )",임산부 산전건강관리 지원 임신 축하용품 지원 모성혈액검사 ( 풍진검사제외 ) 을 ( 를 ) 지원합니다.,[],False,['임산부'],"['이용권', '의료지원', '물품지원', '서비스']","['임신', '출산', '육아']",True,False,True,False,True,True,True,84,183,0.540983606557377,
한부모,강원특별자치도/태백시,저소득 한부모가족 위문,https://www.gov.kr/portal/rcvfvrSvc/dtlEx/422000000109?administOrgCd=ALL,상시신청,○ 개인 신청절차 없음,개인 신청절차 없음,현물,"지원대상
○ 저소득 한부모가족 가구","지원내용
○ 설, 추석 명절 위문세트 지원",사회복지과 (☎033-550-2669),,"한부모,취약계층",물품지원,(1) 저소득 한부모가족 가구,(1) 저소득 한부모가족 가구,"(1) 설, 추석 명절 위문세트 지원","(1) 설, 추석 명절 위문세트 지원",[],False,['한부모'],['물품지원'],"['한부모', '취약계층']",False,False,False,False,False,True,True,37,43,0.13953488372093026,
여성,강원특별자치도/태백시,청소년 및 다자녀가정 여성 보건위생물품 지원,https://www.gov.kr/portal/rcvfvrSvc/dtlEx/422000000117?administOrgCd=ALL,상시신청,"○ 방문 신청
 - 주민센터 : 거주지 관할 읍면동 주민센터에 방문 신청",주민센터,현금,"지원대상
❍ 여성청소년: 만 11세~18세 (2006. 1. 1. ~ 2013. 12. 31. 출생자)
❍ 3자녀 이상 다자녀가정 여성: 만 19세~54세(1970. 1. 1. ~ 2005. 12. 31. 출생자)
 (만 54세 이하 모 및 모와 세대를 함께하는 자녀)","지원내용
○ 여성 보건위생물품 탄탄페이 지원(연 156,000원/1인)",사회복지과 (☎033-550-2073),,초/중/고등학생,"직접금전지원,물품지원","(1) ❍ 여성청소년: 만 11세~18세 ( 2006. 1. 1. ~ 2013. 12. 31. 출생자 )
(2) ❍ 3자녀 이상 다자녀가정 여성: 만 19세~54세 ( 1970. 1. 1. ~ 2005. 12. 31. 출생자 )
(3) ( 만 54세 이하 모 및 모와 세대를 함께하는 자녀 )",여성청소년: 만 11세~18세 ( 2006. 1. 1. ~ 2013. 12. 31. 출생자 ) ・ 3자녀 이상 다자녀의 경우 만 19세~54세가 대상이다.,"(1) 여성 보건위생물품 탄탄페이 지원 ( 연 156,000원/1인 )","(1) 여성 보건위생물품 탄탄페이 지원 ( 연 156,000원/1인 )","[[0, 54]]",True,['여성'],"['직접금전지원', '물품지원']","['초', '중', '고등학생']",True,True,False,False,False,True,True,126,190,0.33684210526315794,0.156
한부모,강원특별자치도/평창군,노인 안질환 의료비(백내장) 지원,https://www.gov.kr/portal/rcvfvrSvc/dtlEx/428000000106?administOrgCd=ALL,상시신청,"안질환 시술->관내 읍면사무소, 보건진료소,보건지소,보건의료원 (수술후 6개월 이내 신청서 및 구비서류 제출) ->서류검토 및 의료비 지원 결과 통보(평창군건강증진과)","주민센터,보건소,시·군·구청",현금,"지원대상
지원대상 : 만 65세 이상 지역주민(관내 1년이상 거주자) 수술후 6개월 이내 신청(6개월초과 신청시 미지원대상)
 건강보험료 기준 중위소득 100%이하 가구(1인가구 중위소득 100%준용)
중복혜택 안돼요
노인실명예방사업","지원내용
지원대상 : 만 65세 이상 지역주민(관내 1년이상 거주자) / 수술후 6개월 이내 신청 (6개월 초과신청시 지원 불가)
지원내용 : 백내장 수술비(환자본인부담금 한함) / 건강보험료 기준 중위소득 100%이하 가구
 (유사사업으로 백내장 수술비 지원 받은 경우 제외(중복지원 불가))
지원범위 : 의료비 환자 본인부담금 한함 ( 단안 최대 30만원/양안 최대 60만원 이내)
신청서류 : 수술비신청(청구서)서 / 수술확인서 또는 진단서 / 진료비영수증(원본) / 건강보험료 납부 확인서 / 개인정보제공 및 활용 동의서 (환자 및 건강보험가입자)
 행정정보 공동이용 사전 동의서(환자 및 건강보험가입자) / 통장사본 (가족 통장 사용시 가족관계증명서 제출) 
 기초생활 수급자 및 차상위 계층증명서, 한부모 가족증명서 ( 해당자에 한함, 신청일 기준 최근1개월 이내) 
 ※ 접수된 서류는 반환되지 않음.",의료지원과(의료관리) (☎033-330-4899),,"1인가구,한부모,고령자,취약계층","직접금전지원,의료지원,보험료지원","(1) 만 65세 이상 지역주민 ( 관내 1년이상 거주자 ) 수술후 6개월 이내 신청 ( 6개월초과 신청시 미지원대상 )
(2) 건강보험료 기준 중위소득 100%이하 가구 ( 1인가구 중위소득 100%준용 )
 - 중복혜택 안돼요
 - 노인실명예방사업",만 65세 이상 지역주민 수술후 6개월 이내 신청 건강보험료 기준 중위소득 100%이하 가구 등,"(1) 만 65세 이상 지역주민 ( 관내 1년이상 거주자 ) / 수술후 6개월 이내 신청 ( 6개월 초과신청시 지원 불가 )
(2) 백내장 수술비 ( 환자본인부담금 한함 ) / 건강보험료 기준 중위소득 100%이하 가구
(3) ( 유사사업으로 백내장 수술비 지원 받은 경우 제외 (중복지원 불가 ) )
(4) 지원범위 : 의료비 환자 본인부담금 한함 ( 단안 최대 30만원/양안 최대 60만원 이내 )
(5) 신청서류 : 수술비신청 ( 청구서 ) 서 / 수술확인서 또는 진단서 / 진료비영수증 ( 원본 ) / 건강보험료 납부 확인서 / 개인정보제공 및 활용 동의서 ( 환자 및 건강보험가입자 )
(6) 행정정보 공동이용 사전 동의서 ( 환자 및 건강보험가입자 ) / 통장사본 ( 가족 통장 사용시 가족관계증명서 제출 )
(7) 기초생활 수급자 및 차상위 계층증명서, 한부모 가족증명서 ( 해당자에 한함, 신청일 기준 최근1개월 이내 )
(8) 접수된 서류는 반환되지 않음.","만 65세 이상 지역주민, 백내장 수술비, 건강보험료 기준 중위소득 100%이하 가구, 의료비 환자 본인부담금 한함, 신청서류, 행정정보 공동이용 사전 동의서, 통장사본 접수된 서류는 반환되지 않음.","[[0, 200]]",True,['한부모'],"['직접금전지원', '의료지원', '보험료지원']","['1인가구', '한부모', '고령자', '취약계층']",True,True,True,False,False,True,True,165,586,0.7184300341296928,0.6
한부모,강원특별자치도/평창군,평일 결식아동 급식비 지원,https://www.gov.kr/portal/rcvfvrSvc/dtlEx/428000000101?administOrgCd=ALL,상시신청,"○ 방문 신청
 - 주민센터 : 거주지 관할 읍면동 주민센터에 방문 신청",주민센터,현물,"지원대상
○ 저소득층 아동
 - 18세 미만의 취학 및 미취학 아동 (아동복지법 제3조)
1. 국민기초생활보장법 제2조제2호에 따른 수급자 가구의 아동, 차상위 계층 아동
2. 한부모가족지원법 제5조 및 제5조의2에 따른 지원대상자가 양육하는 아동
3. 긴급복지지원법에 따른 긴급복지 지원대상 가구의 아동
4. 보호자가 사망, 가출, 행방불명, 구금시설에 수용되는 등의 사유로 보호가 필요한 아동
5. 보호자의 사고, 급성질환, 만성질환 등의 사유로 보호자의 양육능력이 미약한 가구의 아동
6. 기준중위소득 52% 이하인 가구의 아동","지원내용
○ 저소득층 아동에게 부식 배달
 - 도시락 배달",가족복지과 (☎033-330-2208),,"한부모,임신/출산/육아,취약계층","생계지원,물품지원","(1) 저소득층 아동
 - 18세 미만의 취학 및 미취학 아동 ( 아동복지법 제3조 )
(2) 국민기초생활보장법 제2조제2호에 따른 수급자 가구의 아동, 차상위 계층 아동
(3) 한부모가족지원법 제5조 및 제5조의2에 따른 지원대상자가 양육하는 아동
(4) 긴급복지지원법에 따른 긴급복지 지원대상 가구의 아동
(5) 보호자가 사망, 가출, 행방불명, 구금시설에 수용되는 등의 사유로 보호가 필요한 아동
(6) 보호자의 사고, 급성질환, 만성질환 등의 사유로 보호자의 양육능력이 미약한 가구의 아동
(7) 기준중위소득 52% 이하인 가구의 아동",저소득층 아동 및 국민기초생활보장법 제2조제2호에 따른 수급자 가구의 아동 등,"(1) 저소득층 아동에게 부식 배달
 - 도시락 배달","(1) 저소득층 아동에게 부식 배달
 - 도시락 배달","[[0, 17]]",True,['한부모'],"['생계지원', '물품지원']","['한부모', '임신', '출산', '육아', '취약계층']",False,False,False,False,False,True,True,73,331,0.7794561933534743,
임산부,강원특별자치도/홍천군,임산부 및 영유아 영양제 지원,https://www.gov.kr/portal/rcvfvrSvc/dtlEx/425000000650?administOrgCd=ALL,엽산제 :임신 12주이내 / 철분제: 임신16주이후 / 영양제:출산후 / 영유아 정장제: 아기3개월~24개월,"○ 방문 신청
 - 보건소 : 관할 보건소 방문
 - 구비서류 : 홍천군 관내 거주 등본 제출",보건소,현물,"지원대상
○ 관내 보건소 등록 임산부, 영유아","지원내용
○ 지원대상 : 관내 보건소 등록 임산부

○ 지원내용
 - 출산후 임산부 영양제 지원
 - 출산후 3개월이후 영유아 정장제 지원 (등본지참)",홍천군보건소 (☎033-430-4048~9),,임신/출산/육아,물품지원,"(1) 관내 보건소 등록 임산부, 영유아","관내 보건소 등록 임산부, 영유아 등을 대상으로 관내에 보건소가 등록되어 있다.","(1) 관내 보건소 등록 임산부
 - 출산후 임산부 영양제 지원
 - 출산후 3개월이후 영유아 정장제 지원 ( 등본지참 )",관내 보건소 등록 임산부들은 관내에 보건소를 등록하고 임산을 하고 있다.,[],False,['임산부'],['물품지원'],"['임신', '출산', '육아']",False,False,False,False,False,False,True,85,110,0.2272727272727273,
한부모,강원특별자치도/화천군,경로식당 무료급식 지원,https://www.gov.kr/portal/rcvfvrSvc/dtlEx/431000000105?administOrgCd=ALL,상시신청,"○ 방문 신청
 - 기타 : 무료급식 제공시 방문신청",관내 5개 단체,현물,"지원대상
○ 식사를 거를 우려가 있는 65세 이상 노인","지원내용
○ 무료급식 제공 : 관내 5개 단체에서 주 1회 또는 월 6회 제공",주민복지과 (☎033-440-2315),,고령자,물품지원,(1) 식사를 거를 우려가 있는 65세 이상 노인,(1) 식사를 거를 우려가 있는 65세 이상 노인,(1) 무료급식 제공 : 관내 5개 단체에서 주 1회 또는 월 6회 제공,(1) 무료급식 제공 : 관내 5개 단체에서 주 1회 또는 월 6회 제공,"[[65, 200]]",True,['한부모'],['물품지원'],['고령자'],False,False,False,False,False,True,True,68,74,0.08108108108108103,
한부모,강원특별자치도/화천군,방문건강관리,https://www.gov.kr/portal/rcvfvrSvc/dtlEx/431000000108?administOrgCd=ALL,상시신청,"○ 방문 신청
 - 시군구 : 관할 군청 방문
 - 보건소 : 관할 보건소 방문","보건소,시·군·구청",서비스(돌봄),"지원대상
○ 65세 이상 노인
○ 우선순위 : 기초생활보장수급자, 차상위계층, 독거노인, 75세 이상 노인부부, 다문화가족, 한부모가족, 조손가족, 북한이탈주민 등","지원내용
○ 취약계층등록관리, 만성질환자등록관리, 노인허약예방관리, 보건복지 기능연계시스템을 통한 지원",보건사업과 (☎033-440-2966),,"1인가구,한부모,고령자,신혼부부,다문화,취약계층","의료지원,서비스","(1) 65세 이상 노인
(2) 우선순위 : 기초생활보장수급자, 차상위계층, 독거노인, 75세 이상 노인부부, 다문화가족, 한부모가족, 조손가족, 북한이탈주민 등","(1) 65세 이상 노인
(2) 우선순위 : 기초생활보장수급자, 차상위계층, 독거노인, 75세 이상 노인부부, 다문화가족, 한부모가족, 조손가족, 북한이탈주민 등","(1) 취약계층등록관리, 만성질환자등록관리, 노인허약예방관리, 보건복지 기능연계시스템을 통한 지원","(1) 취약계층등록관리, 만성질환자등록관리, 노인허약예방관리, 보건복지 기능연계시스템을 통한 지원","[[65, 200]]",True,['한부모'],"['의료지원', '서비스']","['1인가구', '한부모', '고령자', '신혼부부', '다문화', '취약계층']",False,False,True,False,True,True,True,145,149,0.02684563758389258,
임산부,강원특별자치도/화천군,산전 검사비 및 임신축하용품 지원,https://www.gov.kr/portal/rcvfvrSvc/dtlEx/431000000122?administOrgCd=ALL,상시신청,"○ 방문 신청
 - 보건소 : 관할 보건소 방문",보건소,현물,"지원대상
○ 예비 임산부 및 임산부","지원내용
○ 등록 임산부 축하용품 지급, 예비 및 임산부 산전검사비 지원",보건사업과 (☎033-440-2832),,임신/출산/육아,"의료지원,물품지원",(1) 예비 임산부 및 임산부,(1) 예비 임산부 및 임산부,"(1) 등록 임산부 축하용품 지급, 예비 및 임산부 산전검사비 지원","(1) 등록 임산부 축하용품 지급, 예비 및 임산부 산전검사비 지원",[],False,['임산부'],"['의료지원', '물품지원']","['임신', '출산', '육아']",False,False,True,False,False,True,True,54,60,0.09999999999999998,
한부모,강원특별자치도/화천군,신장장애인 혈액 및 복막투석비 지원,https://www.gov.kr/portal/rcvfvrSvc/dtlEx/431000000106?administOrgCd=ALL,상시신청,"○ 방문 신청 
 - 주민센터 : 읍면사무소에 신청",주민센터,현금,"지원대상
○ 화천군에 거주하는 장애의 정도가 심한 신장장애인으로 가구소득 인정액이 최저생계비의 200% 이하인 계층
중복혜택 안돼요
희귀난치성 의료비지원","지원내용
○ 저소득 신장장애인에 혈액 및 투석비 지원",주민복지과 (☎033-440-2323),,취약계층,직접금전지원,"(1) 화천군에 거주하는 장애의 정도가 심한 신장장애인으로 가구소득 인정액이 최저생계비의 200% 이하인 계층
 - 중복혜택 안돼요
 - 희귀난치성 의료비지원","(1) 화천군에 거주하는 장애의 정도가 심한 신장장애인으로 가구소득 인정액이 최저생계비의 200% 이하인 계층
 - 중복혜택 안돼요
 - 희귀난치성 의료비지원",(1) 저소득 신장장애인에 혈액 및 투석비 지원,(1) 저소득 신장장애인에 혈액 및 투석비 지원,[],False,['한부모'],['직접금전지원'],['취약계층'],True,True,False,False,False,True,True,115,115,0.0,
여성,강원특별자치도/횡성군,"고령, 장애, 여성농업인 영농작업비 지원",https://www.gov.kr/portal/rcvfvrSvc/dtlEx/426000000133?administOrgCd=ALL,접수기관 별 상이,"○ 방문 신청 
 - 주민센터 : 주소지 읍면행정복지센터 방문신청",주민센터,현금,"지원대상
- 주민등록상 횡성군 관내거주 농업인","지원내용
○ 고령, 장애, 여성농업인 영농작업비 지원
 - 영농 기초작업이 곤란한 고령인, 장애인, 여성농업인에게 영농작업비 지원
 - 지원기준: 실경작 농지 ㎡당 40원",농정과 (☎033-340-2363),,"농/어업인,취약계층",직접금전지원, - 주민등록상 횡성군 관내거주 농업인,(1) 주민등록상 횡성군 관내거주 농업인,"(1) 고령, 장애, 여성농업인 영농작업비 지원
 - 영농 기초작업이 곤란한 고령인, 장애인, 여성농업인에게 영농작업비 지원
 - 지원기준: 실경작 농지 ㎡당 40원","고령, 장애, 여성농업인 영농작업비 지원은 고령·장애·여성농업인을 대상으로 한다.",[],False,['여성'],['직접금전지원'],"['농', '어업인', '취약계층']",True,True,False,False,False,False,True,68,121,0.4380165289256198,4e-05
여성,강원특별자치도/횡성군,횡성여성문화의 날 운영,https://www.gov.kr/portal/rcvfvrSvc/dtlEx/426000000143?administOrgCd=ALL,신청불요,해당 서비스는 신청없이 자격대상자에게 자동적으로 제공됩니다.,,"현금(감면), 기타(교육)","지원대상
추진대상: 횡성군에 주민등록을 둔 여성","지원내용
○ 횡성여성문화의 날 운영
 - 횡성시네마 무료관람, 횡성호수길 무료탐방 : 매월 마지막주 수요일
 - 찾아가는 문화강좌, 찾아가는 토크콘서트",가족복지과 (☎033-340-2182),,"1인가구,한부모,임신/출산/육아,초/중/고등학생,대학(원)생,근로자/직장인,구직/취업,창업/자영업,고령자,신혼부부,다문화,농/어업인,취약계층","직접금전지원,감면할인지원,교육지원,문화예술",(1) 추진대상: 횡성군에 주민등록을 둔 여성,(1) 추진대상: 횡성군에 주민등록을 둔 여성,"(1) 횡성여성문화의 날 운영
 - 횡성시네마 무료관람, 횡성호수길 무료탐방 : 매월 마지막주 수요일
 - 찾아가는 문화강좌, 찾아가는 토크콘서트",횡성여성문화의 날을 운영하여 운영한다.,[],False,['여성'],"['직접금전지원', '감면할인지원', '교육지원', '문화예술']","['1인가구', '한부모', '임신', '출산', '육아', '초', '중', '고등학생', '대학(원)생', '근로자', '직장인', '구직', '취업', '창업', '자영업', '고령자', '신혼부부', '다문화', '농', '어업인', '취약계층']",True,True,False,False,False,False,True,47,111,0.5765765765765766,
한부모,강원특별자치도교육청,저소득층자녀 교육정보화 지원,https://www.gov.kr/portal/rcvfvrSvc/dtlEx/780000000002?administOrgCd=ALL,상시신청,"○ 온라인 신청
 - 복지로 : www.bokjiro.go.kr
○ 방문 신청
 - 행정복지센터 : 학생의 보호자가 행정복지센터 직접 방문",주민센터,"현금(감면), 현물","지원대상
○ 인터넷통신비 지원
 - 국민기초생활수급자, 한부모가족보호대상자, 법정차상위대상자, 난민 인정자
○ 컴퓨터 지원
 - 국민기초생활수급자(생계, 의료), 한부모가족보호대상자","지원내용
○ 인터넷통신비 지원
 - 월 19,250원 지원(통신비 17,600원, 유해사이트차단 1,650원) 교육청 요금 일괄 납부(감면)
○ 컴퓨터 지원
 - 컴퓨터(소프트웨어 포함) 1대 가정에 직접 설치(500대)",안전복지과 (☎033-259-0883),,"한부모,취약계층","직접금전지원,감면할인지원,교육지원,물품지원","(1) 인터넷통신비 지원
 - 국민기초생활수급자, 한부모가족보호대상자, 법정차상위대상자, 난민 인정자
(2) 컴퓨터 지원
 - 국민기초생활수급자 ( 생계, 의료 ) , 한부모가족보호대상자","인터넷통신비 지원, 컴퓨터 지원 컴퓨터 지원이 인터넷 통신비 지원과 컴퓨터 지원에 해당한다.","(1) 인터넷통신비 지원
 - 월 19,250원 지원 ( 통신비 17,600원, 유해사이트차단 1,650원 ) 교육청 요금 일괄 납부 ( 감면 )
(2) 컴퓨터 지원
 - 컴퓨터 ( 소프트웨어 포함 ) 1대 가정에 직접 설치 ( 500대 )","인터넷통신비 지원, 컴퓨터 지원 컴퓨터 지원이 인터넷 통신비 지원과 컴퓨터 지원에 해당한다.",[],False,['한부모'],"['직접금전지원', '감면할인지원', '교육지원', '물품지원']","['한부모', '취약계층']",True,True,False,False,False,True,True,103,225,0.5422222222222222,0.01925
임산부,경기도,2025년 경기임산부 친환경농산물 지원,https://gg24.gg.go.kr/svcreqst/selectSvcReqst.do?svc_seq=906,2025.05.12 (월) 09:00 ~ 2025.10.31 (금) 18:00,❍ 신청방법 : (온라인) 경기민원24(https://gg24.gg.go.kr)으로 신청   (오프라인) 임신․출산을 증명할 수 있는 서류를 가지고 읍·면·동 주민센터에 서면으로 제출·신청 ,경기도민원24,"지원한도 : 1인당 40만원(보조 32만원, 자부담 8만원)","❍ 신청대상 : '2024. 1. 1일 이후 출산한 산모 또는 신청일 현재 임신부
   (임신확인서, 출생증명서, 산모수첩 등을 통해 임신 및 출산 사실이 확인된 임산부)

   * 다태아(쌍둥이 이상)의 경우 임산부당 1회 지원 원칙에 따라 1회만 지원 가능

   * 임산부가 동일 자녀로 임신 중 1회, 출산 후 1회 또한 불가하며, 동일 자녀에 대해서 임신 중 혹은 출산 후에 1번만 지원 가능함","❍ 지원내용 : 임신부터 출산·이유기까지, 친환경농산물 공급

❍ 지원방법 : 임산부(임신부+출산부)에게 친환경농산물, 유기가공식품 등을 꾸러미 형태로 거주지까지 배송 및 공급

❍ 지원한도 : 1인당 40만원(보조 32만원, 자부담 8만원)",기타 파일 확인,pw_문의처_0001,임신/출산/육아,직접금전지원,"(1) ❍ 신청대상 : '2024. 1. 1일 이후 출산한 산모 또는 신청일 현재 임신부
(2) ( 임신확인서, 출생증명서, 산모수첩 등을 통해 임신 및 출산 사실이 확인된 임산부 )
(3) * 다태아 ( 쌍둥이 이상 ) 의 경우 임산부당 1회 지원 원칙에 따라 1회만 지원 가능
(4) * 임산부가 동일 자녀로 임신 중 1회, 출산 후 1회 또한 불가하며, 동일 자녀에 대해서 임신 중 혹은 출산 후에 1번만 지원 가능함","신청대상 : 2024. 1. 1일 이후 출산한 산모 또는 신청일 현재 임신부, 다태아 ( 쌍둥이 이상 ) 의 경우 임산부당 1회 지원 원칙에 따라 1회만 지원 가능하다.","(1) 지원내용 : 임신부터 출산·이유기까지, 친환경농산물 공급
(2) 지원방법 : 임산부 ( 임신부+출산부 ) 에게 친환경농산물, 유기가공식품 등을 꾸러미 형태로 거주지까지 배송 및 공급
(3) 지원한도 : 1인당 40만원 ( 보조 32만원, 자부담 8만원 )","임산부에게 친환경농산물, 유기가공식품 등을 꾸러미 형태로 배송 및 공급한다. 지원한도 : 1인당 40만원 ( 보조 32만원, 자부담 8만원 ) 을 ( 를 ) 지원합니다.",[],False,['임산부'],['직접금전지원'],"['임신', '출산', '육아']",True,True,False,False,False,False,True,189,361,0.47645429362880887,0.4
1인가구,경기도,2025년 여성 1인가구 안심패키지 보급 지원,https://gg24.gg.go.kr/svcreqst/selectSvcReqst.do?svc_seq=921,2025.06.09 (월) 09:00 ~ 2025.06.27 (금) 18:00,"(온라인 신청) 경기민원24 (https://gg24.gg.go.kr) 이용
(방문신청 또는 우편, 이메일 신청 등) 부득이한 경우, 시·군별 안심패키지 지원 안내 공고문에 기재된 방식과 구비서류에 따라 신청서, 신분증, 주민등록등본, 기초수급 또는 차상위증명서, 임대차계약서 사본 등 본인에 해당되는 추가 구비서류를 포함하여 신청",경기민원24(https://gg24.gg.go.kr),물품,"신청일 현재 경기도 내 주민등록을 두고 있는 여성 1인가구, 범죄 피해 여성 누구나, 한부모가정, 여성가구(시군별 상이함)
※ 한부모가정은 각 시·군에 문의 또는 공고문 참조
※ 지역특성, 주거지역, 주거형태, 소득기준 등 고려하여 시·군 자체판단 우선순위 선정","창문잠금장치, 스마트 문열림센서 등 안전용품을 담은 여성 1인가구 안심패키지 지원
※ 품목은 지역상황에 따라 시·군별 선택 가능","여성비전센터 031-8008-8010, 각 시·군별 담당 부서(url 참고)",,"1인가구,한부모",물품지원,"(1) 신청일 현재 경기도 내 주민등록을 두고 있는 여성 1인가구, 범죄 피해 여성 누구나, 한부모가정, 여성가구 ( 시군별 상이함 )
(2) 한부모가정은 각 시·군에 문의 또는 공고문 참조
(3) 지역특성, 주거지역, 주거형태, 소득기준 등 고려하여 시·군 자체판단 우선순위 선정","(1) 신청일 현재 경기도 내 주민등록을 두고 있는 여성 1인가구, 범죄 피해 여성 등","(1) 창문잠금장치, 스마트 문열림센서 등 안전용품을 담은 여성 1인가구 안심패키지 지원
(2) 품목은 지역상황에 따라 시·군별 선택 가능","(1) 창문잠금장치, 스마트 문열림센서 등 안전용품을 담은 여성 1인가구 안심패키지 지원
(2) 품목은 지역상황에 따라 시·군별 선택 가능",[],False,['1인가구'],['물품지원'],"['1인가구', '한부모']",False,False,False,False,False,False,True,126,218,0.42201834862385323,
한부모,경기도,G-하우징,https://www.gov.kr/portal/rcvfvrSvc/dtlEx/O00003000001?administOrgCd=ALL,-,추천을 통해 대상자 선정(개별신청 불가),시군자원봉사센터를 통해 신청 문의,현물,"지원대상
경기도에 거주하며 중위소득 70%이하 가구이거나, 시장·군수가 지원이 필요하다고 인정하는 저소득 가구(임차인 포함), 복지시설 등

*시군자원봉세센터로 신청문의","지원내용
○ 복지기관 등에 기부를 통한 주택개조사업
 - 화장실, 부엌, 거실, 지붕수리, 누수보수 등 주택 내,외부 시설

○ 대상자 선정 및 공사시행은 시군자원봉사센터에서 시행","광명시자원봉사센터 (☎02-2687-1365)
구리시자원봉사센터 (☎031-565-1365)
군포시자원봉사센터 (☎031-394-1365)
김포시자원봉사센터 (☎031-998-1365)
남양주시자원봉사센터 (☎031-595-1365)
동두천시종합자원봉사센터 (☎031-865-1365)
부천시자원봉사센터 (☎032-625-6891)
성남시자원봉사센터 (☎031-606-1365)
수원시자원봉사센터 (☎031-253-1365)
안산시자원봉사센터 (☎031-525-8596)
안성시자원봉사센터 (☎031-674-1365)
안양시자원봉사센터 (☎031-8045-2487)
양주시자원봉사센터 (☎031-843-1365)
양평군종합자원봉사센터 (☎031-775-1365)
연천군자원봉사센터 (☎031-834-1365)
오산시자원봉사센터 (☎031-372-1365)
용인시자원봉사센터 (☎031-335-7757)
의왕시종합자원봉사센터 (☎031-454-1365)
의정부시자원봉사센터 (☎031-850-5745)
이천시자원봉사센터 (☎031-633-1365)
파주시자원봉사센터 (☎031-941-8212)
포천시종합자원봉사센터 (☎031-538-2417)
경기도자원봉사센터 (☎031-256-1365)
경기주택도시공사 (☎031-220-3097)",,취약계층,"주거지원,물품지원","(1) 경기도에 거주하며 중위소득 70%이하 가구이거나, 시장·군수가 지원이 필요하다고 인정하는 저소득 가구 ( 임차인 포함 ) , 복지시설 등
(2) *시군자원봉세센터로 신청문의",(1) 경기도에 거주하며 중위소득 70%이하 가구 등,"(1) 복지기관 등에 기부를 통한 주택개조사업
 - 화장실, 부엌, 거실, 지붕수리, 누수보수 등 주택 내,외부 시설
(2) 대상자 선정 및 공사시행은 시군자원봉사센터에서 시행",복지기관 등에 기부를 통한 주택개조사업 대상자 선정 및 공사시행은 시군자원봉사센터에서 시행한다.,[],False,['한부모'],"['주거지원', '물품지원']",['취약계층'],False,False,False,True,False,False,True,83,195,0.5743589743589743,
한부모,경기도,결식아동급식지원,https://www.gov.kr/portal/rcvfvrSvc/dtlEx/641000000171?administOrgCd=ALL,상시신청,"○ 신청방법
 - 읍면동 행정복지센터 직접방문
 - 온라인 신청(복지로 누리집 www.bokjiro.go.kr)",주민센터,현물,"지원대상
(1) 아래의 어느 하나에 해당하는 아동으로서 결식우려가 있는 아동
 - 국민기초생활보장법 제2조제2호에 따른 수급자 가구의 아동, 차상위계층 아동
 - 한부모가족지원법 제5조 및 제5조의2에 따른 지원대상자가 양육하는 아동
 - 긴급복지지원법에 따른 긴급복지 지원대상 가구의 아동
 - 보호자가 사망, 가출, 행방불명, 구금시설에 수용되는 등의 사유로 보호가 필요한 아동
 - 보호자의 사고, 급성질환, 만성질환 등의 사유로 보호자의 양육능력이 미약한 가구의 아동
 - 기준중위소득52% 이하인 가구의 아동
 - 위호에는 해당되지 않으나 담임교사, 사회복지사, 이통반장, 시군구 담당공무원 등이 추천하는 아동으로서 아동급식위원회에서 급식지원이 필요하다고 결정한 아동

(2) 지역아동센터, 사회복지관 등의 아동복지프로그램 이용 아동

(3) 외국 국적 아동 중 (1), (2)의 지원기준에 해당하는 아동","지원내용
○ 아동급식 지원

○ 지원연령 : 18세 미만의 취학 및 미취학 아동

○ 지원내용 : 아동급식 전자카드, 지역아동센터(단체급식)지원, 도시락(반찬+간식류)로 구성된 도시락 배달 등",아동돌봄과 (☎031-8008-3915),,"한부모,임신/출산/육아,취약계층",물품지원,"(1) 아래의 어느 하나에 해당하는 아동으로서 결식우려가 있는 아동
 - 국민기초생활보장법 제2조제2호에 따른 수급자 가구의 아동, 차상위계층 아동
 - 한부모가족지원법 제5조 및 제5조의2에 따른 지원대상자가 양육하는 아동
 - 긴급복지지원법에 따른 긴급복지 지원대상 가구의 아동
 - 보호자가 사망, 가출, 행방불명, 구금시설에 수용되는 등의 사유로 보호가 필요한 아동
 - 보호자의 사고, 급성질환, 만성질환 등의 사유로 보호자의 양육능력이 미약한 가구의 아동
 - 기준중위소득52% 이하인 가구의 아동
 - 위호에는 해당되지 않으나 담임교사, 사회복지사, 이통반장, 시군구 담당공무원 등이 추천하는 아동으로서 아동급식위원회에서 급식지원이 필요하다고 결정한 아동
(2) 지역아동센터, 사회복지관 등의 아동복지프로그램 이용 아동
(3) 외국 국적 아동 중 (1) , (2) 의 지원기준에 해당하는 아동",아동복지프로그램 이용 아동 외국 국적 아동 중 지원기준에 해당하는 아동으로서 결식우려가 있는 아동이다.,"(1) 아동급식 지원
(2) 지원연령 : 18세 미만의 취학 및 미취학 아동
(3) 아동급식 전자카드, 지역아동센터 ( 단체급식 ) 지원, 도시락 ( 반찬+간식류 ) 로 구성된 도시락 배달 등","18세 미만의 취학 및 미취학 아동 아동급식 전자카드, 지역아동센터 ( 단체급식 ) 지원, 도시락 배달 등 아동급식을 지원한다.",[],False,['한부모'],['물품지원'],"['한부모', '임신', '출산', '육아', '취약계층']",False,False,False,False,False,True,True,129,563,0.7708703374777975,
한부모,경기도,경기도민텃밭(용인흥덕) 경작지 분양 제공,https://www.gov.kr/portal/rcvfvrSvc/dtlEx/O00044100001?administOrgCd=ALL,연1회,"○ 온라인 신청
 - 경기공유서비스 홈페이지 신청(https://share.gg.go.kr/vgtGarden) 

○ 기타
 - 유선접수: 031-250-2734 
 - 기간:2025.3.20.(목) ~ 3.21(금) 10:00~17:00 / 2일간","경기도농수산진흥원, 경기공유서비스","기타(교육), 시설이용","지원대상
○ 텃밭 참여 대상 - 용인시민, 경기도민, 경기도 등록 단체

○ 텃밭 우선선발 대상
 - 만70세이상(1954년 12월 31일 이전출생)
 - 취약계층(독거노인, 조손가정, 한부모가정)
 - 다문화가정 : 배우자 중 1인이 외국인인 자
 - 다문화가정, 다자녀가정(자녀2인이상)
 - 장애인가정 : 장애인(1∼3급)가정
 - 국가유공자 가정","지원내용
○ 목적
 - 원예활동을 통해 심리적, 신체적 건강증진 및 여가문화 창출
 - 경기도민의 자발적 참여와 지속적인 관심을 통한 공동체 형성
 - 고령자, 장애인 단체 등의 참여유도를 통한 복지기능 고취
 - 도시농업 공동체 활성화 프로그램을 통한 도시농업 관심 및 가치 증진
 - 텃밭수확물 기부를 통한 도시농업의 기부문화 활성화

○ 경기도민텃밭 공간 제공 
 - 경기도민텃밭 1개소 316구획 (개인295 단체21) 경기도민 대상 선발
 - 개인 구좌 구분 ( 용인시민235, 경기도민60 ) 
○ 경기도민텃밭에 관심 있는 도민 및 단체 모집 : 우선 선발 대상
 - 만70세이상(1954년 12월 31일 이전출생)
 - 취약계층(독거노인, 조손가정, 한부모가정)
 - 다문화가정, 다자녀가정(자녀2인이상)
 - 국가유공자 가정
 - 장애인 가정
○ 도시농업 공동체 활성화 프로그램
 - 도시농업 공동체 활성화 프로그램 행사 (7월 ~ 10월)
 - 도시농업 교육 프로그램 운영 (5월~11월)",농어촌활력부 (☎031-250-2734),,"1인가구,한부모,고령자,다문화,취약계층","교육지원,문화예술,서비스","(1) 텃밭 참여 대상 - 용인시민, 경기도민, 경기도 등록 단체
(2) 텃밭 우선선발 대상
 - 만70세이상 ( 1954년 12월 31일 이전출생 )
 - 취약계층 ( 독거노인, 조손가정, 한부모가정 )
 - 다문화가정 : 배우자 중 1인이 외국인인 자
 - 다문화가정, 다자녀가정 ( 자녀2인이상 )
 - 장애인가정 : 장애인 ( 1∼3급 ) 가정
 - 국가유공자 가정","용인시민, 경기도민, 경기도 등록 단체 텃밭 우선선발 대상 - 용인 시민, 경기도,민 등 대상이다.","(1) 목적
 - 원예활동을 통해 심리적, 신체적 건강증진 및 여가문화 창출
 - 경기도민의 자발적 참여와 지속적인 관심을 통한 공동체 형성
 - 고령자, 장애인 단체 등의 참여유도를 통한 복지기능 고취
 - 도시농업 공동체 활성화 프로그램을 통한 도시농업 관심 및 가치 증진
 - 텃밭수확물 기부를 통한 도시농업의 기부문화 활성화
(2) 경기도민텃밭 공간 제공
 - 경기도민텃밭 1개소 316구획 ( 개인295 단체21 ) 경기도민 대상 선발
 - 개인 구좌 구분 ( 용인시민235, 경기도민60 )
(3) 경기도민텃밭에 관심 있는 도민 및 단체 모집 : 우선 선발 대상
 - 만70세이상 ( 1954년 12월 31일 이전출생 )
 - 취약계층 ( 독거노인, 조손가정, 한부모가정 )
 - 다문화가정, 다자녀가정 ( 자녀2인이상 )
 - 국가유공자 가정
 - 장애인 가정
(4) 도시농업 공동체 활성화 프로그램
 - 도시농업 공동체 활성화 프로그램 행사 ( 7월 ~ 10월 )
 - 도시농업 교육 프로그램 운영 ( 5월~11월 )",경기도민텃밭에 관심 있는 도민 및 단체 모집 : 우선 선발 대상 도시농업 공동체 활성화 프로그램을 ( 를 ) 지원합니다.,"[[70, 200]]",True,['한부모'],"['교육지원', '문화예술', '서비스']","['1인가구', '한부모', '고령자', '다문화', '취약계층']",False,False,False,False,True,False,True,123,704,0.8252840909090909,
"여성, 한부모",경기도,경기여성 취업지원금 지원,https://www.gov.kr/portal/rcvfvrSvc/dtlEx/641000000140?administOrgCd=ALL,2025년 4월 25일(금) ~ 5월 15일(목) 18:00,"○ 온라인 신청
- 해당 주소로 접속하여 필요한 내용을 입력하고 필요한 서류 업로드",,"서비스(일자리), 기타","지원대상
○ 경기도 거주 1년 이상 거주 만35세~59세 여성 중 
○ 기준 중위소득 150%이하 가구의 
○ 적극적 구직의지가 있는 경력보유여성 등 미취업여성
중복혜택 안돼요
국민취업지원제도","지원내용
○ 지원대상 : 적극적 구직의지가 있는 만 35세~59세 여성 중 기준 중위소득 150% 이하 가구의 경기도 거주 1년 이상인 경력보유여성 등 미취업 여성 
 - 구직활동지원금 : 취업지원금 40만원 × 3개월(시군별 지역화폐로 지급)
 - 취업지원 서비스 : 취업진단, 상담, 교육, 취업연계 등","경기도 고용평등과 (☎031-8030-3232)
경기도일자리재단 북부사업본부 (☎031-270-9881)
경기도일자리재단 북부사업본부 (☎1522-3582)",,"구직/취업,취약계층","직접금전지원,교육지원,상담지원,서비스","(1) 경기도 거주 1년 이상 거주 만35세~59세 여성 중
(2) 기준 중위소득 150%이하 가구의
(3) 적극적 구직의지가 있는 경력보유여성 등 미취업여성
 - 중복혜택 안돼요
 - 국민취업지원제도",경기도 거주 1년 이상 거주 만35세~59세 여성 중 기준 중위소득 150%이하 가구의 미취업여성 ,"(1) 적극적 구직의지가 있는 만 35세~59세 여성 중 기준 중위소득 150% 이하 가구의 경기도 거주 1년 이상인 경력보유여성 등 미취업 여성
 - 구직활동지원금 : 취업지원금 40만원 × 3개월 ( 시군별 지역화폐로 지급 )
 - 취업지원 서비스 : 취업진단, 상담, 교육, 취업연계 등",적극적 구직의지가 있는 만 35세~59세 여성 중 기준 중위소득 150% 이하 가구의 경기도 거주 1년 이상인 경력보유여성 등 미취업 여성 등만 35~39세의 미취업이능한 미 취업여성이다.,"[[35, 59]]",True,"['여성', '한부모']","['직접금전지원', '교육지원', '상담지원', '서비스']","['구직', '취업', '취약계층']",True,True,False,False,True,False,True,161,279,0.4229390681003584,0.4
임산부,경기도,기획공연 및 전시 관람료 할인,https://www.gov.kr/portal/rcvfvrSvc/dtlEx/O00045000002?administOrgCd=ALL,상시신청,"○ 입장권 구매
 - 공연 예매 시 해당되는 할인 선택 (공연 당일 증빙 필수)",입장권 예매사이트,기타,"지원대상
※ 본 서비스는 현금의 형태로 지원되는 것이 아닌, 공연 및 전시 입장권 구입 시 적용되는 감면입니다.

○ 경기도내 거주 장애인 및 70세 이상 본인 또는 동반 1인

○ 장애인 및 국가유공자본인 또는 동반 1인 

○ 65세 이상 본인

○ 24세 이하 청년 본인 

○ 문화누리 카드 소지자 본인

○ 예술인패스 소지자 본인

○ 전년도 1월 이후 공연 관람티켓 소지자 본인 또는 동반 1인

○ 병역명문가 본인 또는 직계가족 1인 

○ 다자녀(2명 이상) 가족

○ 임산부 본인

○ 원폭피해자 본인 또는 후손","지원내용
○ 취약계층, 예술인, 도민 등 대상으로 기획공연 및 기획전시 관람료 할인 (공연별 할인율, 할인대상 상이)

○ 기회공연관람권 할인
 - 본인 또는 동반 1인 대상 공연료 할인 (75% / 경기도내 거주 70세 이상(1954년 이전) 및 장애인 / 신분증 확인)

○ 장애인 및 국가유공자 할인
 - 본인 또는 동반 1인 대상 공연료 할인 (50% / 복지카드, 국가유공자증, 보훈대상자증, 유족증 소지자)

○ 65세 이상 할인
 - 본인 할인 (50% / 1959년 이전 출생자, 신분증 확인)

○ 청년패스 할인
 - 본인 할인 (2000년 이후 출생자 / 공연별 할인율 상이 / 학생증 또는 신분증 확인)

○ 문화누리 할인
 - 문화누리 카드 소지자 대상 할인 (공연별 할인율 상이 / 문화누리카드 확인)

○ 예술인패스 할인
 - 본인 할인 (공연별 할인율 상이 / 예술인패스 카드(실물 또는 모바일) 확인)

○ 문화릴레이 할인
 - 본인 또는 동반 1인 할인 (공연별 할인율 상이 / 전년도 1월 이후 공연 관람티켓 확인)

○ 병역명문가 할인
 - 본인 또는 직계가족 1인 대상 공연료 할인 (공연별 할인율 상이 / 병역명문가증 확인(직계가족일 경우 신분증, 가족관계증명서 확인)

○ 다자녀(2명 이상) 가족 할인
 - 공연료 할인 (공연별 할인율 상이 / 주민등록등본 또는 경기아이플러스카드 확인) (소지자 본인 또는 다자녀 가족(자녀와 부모) 할인)

○ 임산부 할인
 - 본인 할인 (공연별 할인율 상이 / 산모수첩 확인)

○ 원폭피해자 할인
 - 본인 또는 후손 할인 (공연별 할인율 상이 / 본인 - 원폭피해등록증, 후손 - 원폭피해자 후손등록증 또는 원폭피해자등록증과 가족관계증명서 확인)",경기아트센터 (☎031-230-3440),,"임신/출산/육아,취약계층","감면할인지원,문화예술","(1) 본 서비스는 현금의 형태로 지원되는 것이 아닌, 공연 및 전시 입장권 구입 시 적용되는 감면입니다.
(2) 경기도내 거주 장애인 및 70세 이상 본인 또는 동반 1인
(3) 장애인 및 국가유공자본인 또는 동반 1인
(4) 65세 이상 본인
(5) 24세 이하 청년 본인
(6) 문화누리 카드 소지자 본인
(7) 예술인패스 소지자 본인
(8) 전년도 1월 이후 공연 관람티켓 소지자 본인 또는 동반 1인
(9) 병역명문가 본인 또는 직계가족 1인
(10) 다자녀 ( 2명 이상 ) 가족
(11) 임산부 본인
(12) 원폭피해자 본인 또는 후손","본 서비스는 공연 및 전시 입장권 구입 시 적용되는 감면이다. 경기도내 거주 장애인 및 국가유공자본인, 24세 이하 청년 본인 문화누리 카드 소지자 본인 예술인패스 소자 본인 전년도 1월 이후 공연 관람티켓 소지자, 다자녀 가족, 원폭피해자, 후손 등에게 적용된다.","(1) 취약계층, 예술인, 도민 등 대상으로 기획공연 및 기획전시 관람료 할인 ( 공연별 할인율, 할인대상 상이 )
(2) 기회공연관람권 할인
 - 본인 또는 동반 1인 대상 공연료 할인 ( 75% / 경기도내 거주 70세 이상 (1954년 이전 ) 및 장애인 / 신분증 확인)
(3) 장애인 및 국가유공자 할인
 - 본인 또는 동반 1인 대상 공연료 할인 ( 50% / 복지카드, 국가유공자증, 보훈대상자증, 유족증 소지자 )
(4) 65세 이상 할인
 - 본인 할인 ( 50% / 1959년 이전 출생자, 신분증 확인 )
(5) 청년패스 할인
 - 본인 할인 ( 2000년 이후 출생자 / 공연별 할인율 상이 / 학생증 또는 신분증 확인 )
(6) 문화누리 할인
 - 문화누리 카드 소지자 대상 할인 ( 공연별 할인율 상이 / 문화누리카드 확인 )
(7) 예술인패스 할인
 - 본인 할인 ( 공연별 할인율 상이 / 예술인패스 카드 (실물 또는 모바일 ) 확인)
(8) 문화릴레이 할인
 - 본인 또는 동반 1인 할인 ( 공연별 할인율 상이 / 전년도 1월 이후 공연 관람티켓 확인 )
(9) 병역명문가 할인
 - 본인 또는 직계가족 1인 대상 공연료 할인 ( 공연별 할인율 상이 / 병역명문가증 확인 (직계가족일 경우 신분증, 가족관계증명서 확인 )
(10) 다자녀 ( 2명 이상 ) 가족 할인
 - 공연료 할인 ( 공연별 할인율 상이 / 주민등록등본 또는 경기아이플러스카드 확인 ) ( 소지자 본인 또는 다자녀 가족 (자녀와 부모 ) 할인)
(11) 임산부 할인
 - 본인 할인 ( 공연별 할인율 상이 / 산모수첩 확인 )
(12) 원폭피해자 할인
 - 본인 또는 후손 할인 ( 공연별 할인율 상이 / 본인 - 원폭피해등록증, 후손 - 원폭피해자 후손등록증 또는 원폭피해자등록증과 가족관계증명서 확인 )","취약계층, 예술인, 도민 등 대상으로 기획공연 및 기획전시 관람료 할인 기회공연관람권 할인 장애인 및 국가유공자 할인 65세 이상, 청년패스 할인, 문화누리 할인 등이 있다.","[[0, 24], [65, 200]]",True,['임산부'],"['감면할인지원', '문화예술']","['임신', '출산', '육아', '취약계층']",True,False,False,False,False,True,True,246,1152,0.7864583333333334,
여성,경기도,대일항쟁기 강제동원 피해여성근로자 지원,https://www.gov.kr/portal/rcvfvrSvc/dtlEx/641000000145?administOrgCd=ALL,상시신청,"○ 방문 신청
 - 시군구 : 관할 군청 방문",시·군·구청,현금,"지원대상
○ 대일항쟁기 강제동원 피해여성 근로자","지원내용
○ 생활지원금 매월 30만원, 건강관리비 매월 30만원 이내 지원, 사망시 장제비 100만원 지원",자치행정과 (☎031-8008-4090),,근로자/직장인,직접금전지원,(1) 대일항쟁기 강제동원 피해여성 근로자,(1) 대일항쟁기 강제동원 피해여성 근로자,"(1) 생활지원금 매월 30만원, 건강관리비 매월 30만원 이내 지원, 사망시 장제비 100만원 지원","(1) 생활지원금 매월 30만원, 건강관리비 매월 30만원 이내 지원, 사망시 장제비 100만원 지원",[],False,['여성'],['직접금전지원'],"['근로자', '직장인']",True,True,False,False,False,True,True,80,86,0.06976744186046513,1.0
한부모,경기도,민주화운동 관련자 지원,https://www.gov.kr/portal/rcvfvrSvc/dtlEx/641000000183?administOrgCd=ALL,상시신청,관할 읍면동 주민센터 또는 시군청 방문,"주민센터,시·군·구청",현금,"지원대상
생활보조비 : 도내 6개월 이상 거주하는 민주화운동 관련자 중 중위소득 100%이하인 자에게 월 10만원 지원
명예수당 : 도내 6개월 이상 거주하는 민주화운동 관련자 중 만 65세 이상인 자에게 월 10만원 지원(생활보조비와 중복지급 불가)
장제비 : 생활보조비 대상인 민주화운동 관련자 사망 시 100만원 지원
중복혜택 안돼요
다른 법률에 따른 보상을 받을 수 있는 자는 중복지원 불가","지원내용
생활보조비 : 도내 6개월 이상 거주하는 민주화운동 관련자 중 중위소득 100%이하인 자에게 월 10만원 지원
명예수당 : 도내 6개월 이상 거주하는 민주화운동 관련자 중 만 65세 이상인 자에게 월 10만원 지원(생활보조비와 중복지급 불가)
장제비 : 생활보조비 대상인 민주화운동 관련자 사망 시 100만원 지원",자치행정과 (☎031-8008-4090),,취약계층,직접금전지원,"(1) 생활보조비 : 도내 6개월 이상 거주하는 민주화운동 관련자 중 중위소득 100%이하인 자에게 월 10만원 지원
(2) 명예수당 : 도내 6개월 이상 거주하는 민주화운동 관련자 중 만 65세 이상인 자에게 월 10만원 지원 ( 생활보조비와 중복지급 불가 )
(3) 장제비 : 생활보조비 대상인 민주화운동 관련자 사망 시 100만원 지원
 - 중복혜택 안돼요
 - 다른 법률에 따른 보상을 받을 수 있는 자는 중복지원 불가",민주화운동 관련자 중 중위소득 100%이하인 자에게 월 10만원 지원 명예수당,"(1) 생활보조비 : 도내 6개월 이상 거주하는 민주화운동 관련자 중 중위소득 100%이하인 자에게 월 10만원 지원
(2) 명예수당 : 도내 6개월 이상 거주하는 민주화운동 관련자 중 만 65세 이상인 자에게 월 10만원 지원 ( 생활보조비와 중복지급 불가 )
(3) 장제비 : 생활보조비 대상인 민주화운동 관련자 사망 시 100만원 지원","생활보조비는 중위소득 100% 이하, 명예수당은 만 65세 이상, 장제비는 민주화운동 관련자 사망 시 100만원 지원한다.","[[0, 200]]",True,['한부모'],['직접금전지원'],['취약계층'],True,True,False,False,False,True,True,112,403,0.7220843672456576,1.0
임산부,경기도,분만취약지 임산부 교통비 지원,https://www.gov.kr/portal/rcvfvrSvc/dtlEx/641000000671?administOrgCd=ALL,상시신청,"방문신청 : 해당 시군 보건소
온라인신청 : 정부24

*온라인신청의 경우 임산부 본인에 한하여 신청 가능",보건소,기타,"지원대상
○ 임산부가 다음 요건을 모두 충족하는 경우
 - 신청일 기준으로 6개월 이상 계속하여 경기도 분만취약지 시·군*에 주민등록을 두고 있을 것(경기도 분만취약지 내 이동시 거주 기간 합산 가능)
 * 대상 시·군(6개) : 안성시, 포천시, 양평군, 여주시, 가평군, 연천군
 - 신청기간 : 임신 3개월 ~ 출산 후 3개월
 ※ 2025년 신규사업으로 2025.1.1. 이전 출산자(2024.12.31.까지 출생) 지원 제외
※ 단, 부부 모두가 외국인인 경우, 임산부의 국내 체류자격 비자 F-2(거주), F-5(영주), 
 F-6(결혼이민)인 경우에 한함
중복혜택 안돼요
임산부 교통비 지원, 임산부 교통비 지원, 임산부 교통비 지원, 임산부 교통비 지원","지원내용
분만취약지 임신부 교통비 지원(최대 1백만원/인)
- 대중교통비, 택시 교통비 및 자가용 유류비

* 신한카드 국민행복카드로 포인트(바우처) 최대 1백만원 지급
 - 신한카드 국민행복카드가 없는 경우 카드 발급 필수","경기도 응급의료과 (☎031-8008-4353)
연천군 보건소 (☎031-839-4075)
가평군 보건소 (☎031-580-2822)
양평군 보건소 (☎031-770-3475)
안성시 보건소 (☎031-678-5913)
포천시 보건소 (☎031-538-3642)
여주시 보건소 (☎031-887-3613)",,"임신/출산/육아,신혼부부,다문화","이용권,교통지원","(1) 임산부가 다음 요건을 모두 충족하는 경우
 - 신청일 기준으로 6개월 이상 계속하여 경기도 분만취약지 시·군*에 주민등록을 두고 있을 것 ( 경기도 분만취약지 내 이동시 거주 기간 합산 가능 )
(2) * 대상 시·군 ( 6개 ) : 안성시, 포천시, 양평군, 여주시, 가평군, 연천군
 - 신청기간 : 임신 3개월 ~ 출산 후 3개월
(3) 2025년 신규사업으로 2025.1.1. 이전 출산자 ( 2024.12.31.까지 출생 ) 지원 제외
(4) 단, 부부 모두가 외국인인 경우, 임산부의 국내 체류자격 비자 F-2 ( 거주 ) , F-5 ( 영주 ) ,
(5) F-6 ( 결혼이민 ) 인 경우에 한함
 - 중복혜택 안돼요
 - 임산부 교통비 지원, 임산부 교통비 지원, 임산부 교통비 지원, 임산부 교통비 지원","임산부가 다음 요건을 모두 충족하는 경우 * 대상 시·군 ( 6개 ) : 안성시, 포천시, 양평군, 여주시 등 2025년 신규사업으로 2025.1.1. 이전 출산자 ( 2024.12.31.까지 출생 ) 지원 제외 단, 부부 모두가 외국인인 경우에 한함","(1) 분만취약지 임신부 교통비 지원 ( 최대 1백만원/인 )
 - 대중교통비, 택시 교통비 및 자가용 유류비
(2) * 신한카드 국민행복카드로 포인트 ( 바우처 ) 최대 1백만원 지급
 - 신한카드 국민행복카드가 없는 경우 카드 발급 필수","분만취약지 임신부 교통비 지원 ( 최대 1백만원/인 ) , 신한카드 국민행복카드로 포인트 ( 바우처 ) 최대 1백만 원을 지급한다.","[[0, 200]]",True,['임산부'],"['이용권', '교통지원']","['임신', '출산', '육아', '신혼부부', '다문화']",True,False,False,False,False,True,True,214,499,0.5711422845691383,1.0
1인가구,"경기도(동두천, 의정부, 성남, 안산, 오산, 고양, 안양 및 등) ",안전귀가 지원 서비스,https://easylaw.go.kr/CSP/CnpClsMain.laf?popMenu=ov&csmSeq=1704&ccfNo=3&cciNo=1&cnpClsNo=1&search_put=,상시 신청,"서비스 이용 20분 전 전용 전화로 신청 
지원 지역 : 동두천, 의정부, 성남, 안산, 오산, 고양, 안양
※ 시군별 서비스 이용방법이 상이하므로 자세한 내용은 해당 시군으로 문의",접수 불요,서비스,"여성, 노약자, 청소년 등","저녁취약시간(평일 밤 10시~새벽 2시)에 안전한 귀가를 위해 신변의 위협을 느끼는 여성, 청소년, 1인 가구, 고령자 및 기타 취약계층을 위한 보호하기 위한 서비스",해당 시군,,"1인가구,초/중/고등학생,고령자,취약계층",서비스,"(1) 여성, 노약자, 청소년 등","(1) 여성, 노약자, 청소년 등","(1) 저녁취약시간 ( 평일 밤 10시~새벽 2시 ) 에 주로 여성과 학생의 안전한 귀가를 위해 신변의 위협을 느끼는 여성, 대학생,청소년, 1인 가구, 고령자 및 기타 취약계층을 위한 보호하기 위한 서비스","(1) 저녁취약시간 ( 평일 밤 10시~새벽 2시 ) 에 주로 여성과 학생의 안전한 귀가를 위해 신변의 위협을 느끼는 여성, 대학생,청소년, 1인 가구, 고령자 및 기타 취약계층을 위한 보호하기 위한 서비스",[],False,['1인가구'],['서비스'],"['1인가구', '초', '중', '고등학생', '고령자', '취약계층']",False,False,False,False,True,True,True,134,107,-0.25233644859813076,
1인가구,"경기도(동두천, 의정부, 성남, 안산, 오산, 고양, 안양 및 등) ",안전귀가 지원 서비스,https://easylaw.go.kr/CSP/CnpClsMain.laf?popMenu=ov&csmSeq=1704&ccfNo=3&cciNo=1&cnpClsNo=1&search_put=,상시 신청,"서비스 이용 20분 전 전용 전화로 신청 
지원 지역 : 동두천, 의정부, 성남, 안산, 오산, 고양, 안양
※ 시군별 서비스 이용방법이 상이하므로 자세한 내용은 해당 시군으로 문의",접수 불요,서비스,"여성, 노약자, 청소년 등","저녁취약시간(평일 밤 10시~새벽 2시)에 안전한 귀가를 위해 신변의 위협을 느끼는 여성, 청소년, 1인 가구, 고령자 및 기타 취약계층을 위한 보호하기 위한 서비스",해당 시군,,"1인가구,초/중/고등학생,고령자,취약계층",서비스,"(1) 여성, 노약자, 청소년 등","(1) 여성, 노약자, 청소년 등","(1) 저녁취약시간 ( 평일 밤 10시~새벽 2시 ) 에 주로 여성과 학생의 안전한 귀가를 위해 신변의 위협을 느끼는 여성, 대학생,청소년, 1인 가구, 고령자 및 기타 취약계층을 위한 보호하기 위한 서비스",저녁취약시간 에 취약계층을 위한 보호하기 위한 서비스,[],False,['1인가구'],['서비스'],"['1인가구', '초', '중', '고등학생', '고령자', '취약계층']",False,False,False,False,True,True,True,48,107,0.5514018691588785,
1인가구,"경기도(동두천, 의정부, 성남, 안산, 오산, 고양, 안양 및 등) ",안전귀가 지원 서비스,https://easylaw.go.kr/CSP/CnpClsMain.laf?popMenu=ov&csmSeq=1704&ccfNo=3&cciNo=1&cnpClsNo=1&search_put=,상시 신청,"서비스 이용 20분 전 전용 전화로 신청 
지원 지역 : 동두천, 의정부, 성남, 안산, 오산, 고양, 안양
※ 시군별 서비스 이용방법이 상이하므로 자세한 내용은 해당 시군으로 문의",접수 불요,서비스,"여성, 노약자, 청소년 등","저녁취약시간(평일 밤 10시~새벽 2시)에 안전한 귀가를 위해 신변의 위협을 느끼는 여성, 청소년, 1인 가구, 고령자 및 기타 취약계층을 위한 보호하기 위한 서비스",해당 시군,,"1인가구,초/중/고등학생,고령자,취약계층",서비스,"(1) 여성, 노약자, 청소년 등","(1) 여성, 노약자, 청소년 등","(1) 저녁취약시간 ( 평일 밤 10시~새벽 2시 ) 에 주로 여성과 학생의 안전한 귀가를 위해 신변의 위협을 느끼는 여성, 대학생,청소년, 1인 가구, 고령자 및 기타 취약계층을 위한 보호하기 위한 서비스","(1) 저녁취약시간 ( 평일 밤 10시~새벽 2시 ) 에 주로 여성과 학생의 안전한 귀가를 위해 신변의 위협을 느끼는 여성, 대학생,청소년, 1인 가구, 고령자 및 기타 취약계층을 위한 보호하기 위한 서비스",[],False,['1인가구'],['서비스'],"['1인가구', '초', '중', '고등학생', '고령자', '취약계층']",False,False,False,False,True,True,True,134,107,-0.25233644859813076,
1인가구,경기도,여성안심 무인택배보관함,https://data.gg.go.kr/portal/data/service/selectServicePage.do?&infId=CUSE5PAB0KTE82PISWLE29009143&infSeq=1#none,상시 신청,택배 주문 시 수령장소로 무인 택배함 주소 선택,접수 불요,서비스,경기도 시민,"집에서 택배 물건을 받지 않기를 원하거나 부재중 택배를 받기 어려운 1인가구 여성들이 시간과 장소에 구애받지 않고 택배 물건을 수령하도록 함으로써 편의를 제공하고 택배 관련 범죄를 예방하고자 하는 서비스,신변의 위협을 느끼는 여성, 청소년, 1인 가구, 대학(원)생, 고령자 및 기타 취약계층을 위한 보호 및 지원 서비스 제공, 이용시간 : 24시간(365일)
이용자 : 시민 누구나
이용절차 : 택배 주문 시 물품 수령지를 무인택배보관함 주소로 지정 → 택배도착 문자 수신 → 본인인증 및 물품수령
이용요금 : 48시간 무료 (초과 시, 1일당 1,000원 부과)",경기도 AI미래행정과 (031-8008-3978) 또는 경기민원24 또는 경기도 각 시의 여성 관련 부서에 문의,,"1인가구,초/중/고등학생,대학(원)생,고령자,취약계층","의료지원,물품지원,서비스",(1) 경기도 시민,(1) 경기도 시민,"(1) 집에서 택배 물건을 받지 않기를 원하거나 부재중 택배를 받기 어려운 1인가구 여성들이 시간과 장소에 구애받지 않고 택배 물건을 수령하도록 함으로써 편의를 제공하고 택배 관련 범죄를 예방하고자 하는 서비스,신변의 위협을 느끼는 여성, 청소년, 1인 가구, 대학 ( 원 ) 생, 고령자 및 기타 취약계층을 위한 보호 및 지원 서비스 제공, 이용시간 : 24시간 ( 365일 )
(2) 이용자 : 시민 누구나
(3) 이용절차 : 택배 주문 시 물품 수령지를 무인택배보관함 주소로 지정 → 택배도착 문자 수신 → 본인인증 및 물품수령
(4) 이용요금 : 48시간 무료 ( 초과 시, 1일당 1,000원 부과 )",1인가구 여성들이 시간과 장소에 구애받지 않고 택배 물건을 수령하도록 함으로써 편의를 제공하고 범죄를 예방하고자 하는 서비스이다.,[],False,['1인가구'],"['의료지원', '물품지원', '서비스']","['1인가구', '초', '중', '고등학생', '대학(원)생', '고령자', '취약계층']",False,False,True,False,True,True,True,83,323,0.7430340557275541,0.001
여성,경기도,여성청소년 생리용품 보편지원,https://www.gov.kr/portal/rcvfvrSvc/dtlEx/641000000180?administOrgCd=ALL,2025.11.14.까지,"○ 온라인 신청 : https://gg24.gg.go.kr
 - 1차
 · 화성, 평택, 시흥, 오산, 의정부, 양주, 구리, 포천, 동두천, 가평, 연천 : 3.4.(화) ~ 4.11.(금)
 · 안산, 안양, 김포, 광주, 광명, 하남, 군포, 이천, 안성, 의왕, 양평, 여주, 과천 : 3.6.(목) ~ 4.11.(금)
 - 2차
 · 안산, 안양, 김포, 광주, 광명, 하남, 군포, 이천, 안성, 의왕, 양평, 여주, 과천 : 6.30.(월)~8.1.(금)
 · 화성, 평택, 시흥, 오산, 의정부, 양주, 구리, 포천, 동두천, 가평, 연천 : 7.3.(목)~8.1.(금)
 
○ 방문(오프라인) 신청(2024.3.11.~11.15.까지)
 - 행정복지센터 : 주소지 관할 읍면동 행정복지센터에 방문 신청",주민센터,이용권,"지원대상
사업 시행 시군*에 ①주민등록, ②외국인등록, ③국내거소신고를 한 11세~18세 여성청소년

 * 화성, 안산, 평택, 안양, 시흥, 김포, 의정부, 광주, 하남, 광명, 군포, 양주, 오산, 이천, 안성, 구리, 의왕, 포천, 양평, 여주, 동두천, 과천, 가평, 연천
중복혜택 안돼요
여성가족부 저소득층 대상 생리용품 바우처 지원 사업과 중복 수혜 불가","지원내용
사업시행 시군 11~18세 여성청소년에게 생리용품 구매비용을 지역화폐로 지급(월 14,000원)",경기도 청소년과 (☎031-8008-2558),,"초/중/고등학생,다문화,취약계층","직접금전지원,이용권,물품지원","(1) 사업 시행 시군*에 ①주민등록, ②외국인등록, ③국내거소신고를 한 11세~18세 여성청소년
 - * 화성, 안산, 평택, 안양, 시흥, 김포, 의정부, 광주, 하남, 광명, 군포, 양주, 오산, 이천, 안성, 구리, 의왕, 포천, 양평, 여주, 동두천, 과천, 가평, 연천
 - 중복혜택 안돼요
 - 여성가족부 저소득층 대상 생리용품 바우처 지원 사업과 중복 수혜 불가",여성가족부 저소득층 대상 생리용품 바우처 지원 사업과 중복 수혜 불가하다.,"(1) 사업시행 시군 11~18세 여성청소년에게 생리용품 구매비용을 지역화폐로 지급 ( 월 14,000원 )",사업시행 시군 여성청소년에게 생리용품 구매비용을 지역화폐로 지급한다.,"[[11, 18]]",True,['여성'],"['직접금전지원', '이용권', '물품지원']","['초', '중', '고등학생', '다문화', '취약계층']",True,True,False,False,False,False,True,80,263,0.6958174904942966,0.014
한부모,경기도,저소득장애인 의료비 지원,https://www.gov.kr/portal/rcvfvrSvc/dtlEx/641000000147?administOrgCd=ALL,상시신청,"○ 방문 신청
 - 주소지 관할 읍면동 행정복지센터에 방문 신청",주민센터,현금,"지원대상
○ 가구건강보험료 본인부담금 납입액이 기준중위소득 80% 이하 등록 장애인","지원내용
○ 지원대상
 - 가구건강보험료 본인부담금 납입액이 기준중위소득 80% 이하 등록 장애인
 ※ 단, 의료급여법에 의하여 기 지원을 받고 있는 자는 제외 

○ 지원내용
 - 의료비 : 입원기간 내에 발생한 국민건강보험 급여 적용 의료비 중 본인부담금 지원(연 150만원/인 연속된 입원기간 1회 한정)
 (식대 및 제증명 비용, 비급여 항목 제외)",장애인복지과 (☎031-8008-4359),,취약계층,"직접금전지원,의료지원,보험료지원",(1) 가구건강보험료 본인부담금 납입액이 기준중위소득 80% 이하 등록 장애인,(1) 가구건강보험료 본인부담금 납입액이 기준중위소득 80% 이하 등록 장애인," - 가구건강보험료 본인부담금 납입액이 기준중위소득 80% 이하 등록 장애인
(1) 단, 의료급여법에 의하여 기 지원을 받고 있는 자는 제외
 - 의료비 : 입원기간 내에 발생한 국민건강보험 급여 적용 의료비 중 본인부담금 지원 ( 연 150만원/인 연속된 입원기간 1회 한정 )
(2) ( 식대 및 제증명 비용, 비급여 항목 제외 )","의료급여법에 의하여 기 지원을 받고 있는 자는 제외 ( 식대 및 제증명 비용, 비급여 항목 제외 ) 을 ( 를 ) 지원합니다.",[],False,['한부모'],"['직접금전지원', '의료지원', '보험료지원']",['취약계층'],True,True,True,False,False,True,True,114,246,0.5365853658536586,1.5
한부모,경기도,지역공동체일자리사업(전환),https://www.gov.kr/portal/rcvfvrSvc/dtlEx/641000000115?administOrgCd=ALL,상시신청,"○ 온라인 접수
 - 워크넷시스템 : www.work.go.kr
○ 방문 접수
 - 주민등록상 주소지 읍면동 행정복지센터",행정복지센터 및 시·군청,서비스(일자리),"지원대상
○ 취업취약계층","지원내용
○ 공공분야 일자리 제공",일자리경제정책과 (☎031-8008-8109),,"구직/취업,취약계층",서비스,(1) 취업취약계층,(1) 취업취약계층,(1) 공공분야 일자리 제공,(1) 공공분야 일자리 제공,[],False,['한부모'],['서비스'],"['구직', '취업', '취약계층']",False,False,False,False,True,True,True,26,32,0.1875,
한부모,경기도,한부모가족 학습재료비 등 지원,https://www.gov.kr/portal/rcvfvrSvc/dtlEx/641000000155?administOrgCd=ALL,상시신청,"○ 방문 신청
 - 시군구 : 관할 행정복지센터

○ 온라인 복지로 신청
 - http://online.bokjiro.go.kr",주민센터,현금,"지원대상
○ 소득인정액이 기준중위소득 63% 이하인 한부모 및 조손 한부모가족","지원내용
○ 공통대상 : 18세 미만 아동을 양육하는 저소득 한부모가족(조손한부모가족 포함)
 단, 고등학교 재학(고3 12월까지)중인 경우, 22세 미만 자녀

 - 학습재료비 : 초중고등학교 재학생 양육 가정에 1인당 1.5만원(월) 지급

 - 생필품비 : 저소득 한부모가족에 세대당 6만원 지급 (연2회/ 설, 추석)

 - 저소득 한부모가족 교육비 : 무상교육 제외학교에 다니는 고등학생 자녀 입학금, 수업료 실비 지원
 - 조손가족 손자녀 양육비 : 중고교 재학 손자녀를 양육하는 조손한부모가족에 1인당 월 10만원 지급
 ※ 18세 미만으로 아동양육비(국비사업)를 지원받는 대상자는 제외

 - 조손가족손자녀 대학 입학(등록)금 : 저소득 조손가족(맞춤형급여대상 포함) 손자녀 대학교 신입생 1인당 최대 500만원 내 실비 지급
 - 조손가족손자녀 대학 입학준비금 : 저소득 조손가족(맞춤형급여대상 포함) 손자녀 대학교 신입생 1인당 최대 250만원 내 실비 지급",가족다문화과 (☎031-8008-3489),,"한부모,임신/출산/육아,초/중/고등학생,대학(원)생,취약계층","직접금전지원,교육지원",(1) 소득인정액이 기준중위소득 63% 이하인 한부모 및 조손 한부모가족,(1) 소득인정액이 기준중위소득 63% 이하인 한부모 및 조손 한부모가족,"(1) 공통대상 : 18세 미만 아동을 양육하는 저소득 한부모가족 ( 조손한부모가족 포함 )
(2) 단, 고등학교 재학 ( 고3 12월까지 ) 중인 경우, 22세 미만 자녀
 - 학습재료비 : 초중고등학교 재학생 양육 가정에 1인당 1.5만원 ( 월 ) 지급
 - 생필품비 : 저소득 한부모가족에 세대당 6만원 지급 ( 연2회/ 설, 추석 )
 - 저소득 한부모가족 교육비 : 무상교육 제외학교에 다니는 고등학생 자녀 입학금, 수업료 실비 지원
 - 조손가족 손자녀 양육비 : 중고교 재학 손자녀를 양육하는 조손한부모가족에 1인당 월 10만원 지급
(3) 18세 미만으로 아동양육비 ( 국비사업 ) 를 지원받는 대상자는 제외
 - 조손가족손자녀 대학 입학 ( 등록 ) 금 : 저소득 조손가족 ( 맞춤형급여대상 포함 ) 손자녀 대학교 신입생 1인당 최대 500만원 내 실비 지급
 - 조손가족손자녀 대학 입학준비금 : 저소득 조손가족 ( 맞춤형급여대상 포함 ) 손자녀 대학교 신입생 1인당 최대 250만원 내 실비 지급","공통대상 : 저소득 한부모가족 단, 고등학교 재학중인 경우, 22세 미만 자녀 18세 미만으로 아동양육비를 지원받는 대상자는 제외된다.",[],False,['한부모'],"['직접금전지원', '교육지원']","['한부모', '임신', '출산', '육아', '초', '중', '고등학생', '대학(원)생', '취약계층']",True,True,False,False,False,True,True,116,534,0.7827715355805244,5.0
한부모,경기도/고양시,고양문화의집 이용요금 면제,https://www.gov.kr/portal/rcvfvrSvc/dtlEx/O00004000012?administOrgCd=ALL,상시신청,○ 방문 신청 : 고양문화의 집,고양문화의 집,시설이용,"지원대상
○ 국민기초생활 보장법에 의한 수급자

○ 한부모가족 지원법에 의한 요보호 대상자

○ 장애인복지법에 의한 장애인

○ 자원봉사 등 문화의 집 운영에 도움을 주는 자

○ 국가유공자 등 예우 및 지원에 관한 법률에 따른 국가유공자와 그 유족 또는 가족","지원내용
○ 이용료 면제 
 - 국민기초생활 보장법에 의한 수급자
 - 한부모가족 지원법에 의한 요보호 대상자
 - 장애인복지법에 의한 장애인
 - 자원봉사 등 문화의 집 운영에 도움을 주는 자
 - 국가유공자 등 예우 및 지원에 관한 법률에 따른 국가유공자와 그 유족 또는 가족",고양문화의집 (☎031-911-2500),,"한부모,취약계층","문화예술,서비스,법률지원","(1) 국민기초생활 보장법에 의한 수급자
(2) 한부모가족 지원법에 의한 요보호 대상자
(3) 장애인복지법에 의한 장애인
(4) 자원봉사 등 문화의 집 운영에 도움을 주는 자
(5) 국가유공자 등 예우 및 지원에 관한 법률에 따른 국가유공자와 그 유족 또는 가족","예우 및 지원에 관한 법률에 따른 국가유공자와 그 유족 또는 가족은 국민기초생활 보장법, 한부모가족 지원법, 장애인복지법에 의한 요보호 대상자, 문화의 집 운영에 도움을 주는 자 등이다.","(1) 이용료 면제
 - 국민기초생활 보장법에 의한 수급자
 - 한부모가족 지원법에 의한 요보호 대상자
 - 장애인복지법에 의한 장애인
 - 자원봉사 등 문화의 집 운영에 도움을 주는 자
 - 국가유공자 등 예우 및 지원에 관한 법률에 따른 국가유공자와 그 유족 또는 가족",이용료 면제가 면제됨에 따라 이용료가 면제된다.,[],False,['한부모'],"['문화예술', '서비스', '법률지원']","['한부모', '취약계층']",False,False,False,False,True,True,True,131,302,0.5662251655629139,
임산부,경기도/고양시,교통약자 이동지원,https://www.gov.kr/portal/rcvfvrSvc/dtlEx/O00004000007?administOrgCd=ALL,상시신청,"○ 온라인 신청
 - 고양시 교통약자 이동지원센터 : https://calltaxi.gys.or.kr/

○ 기타
 - 전화",,현금(감면),"지원대상
○ 장애인복지법시행규칙 제2조 제1항에 따른 장애정도가 심한 장애인으로서 버스, 지하철 이용이 어려운 자

○ 65세 이상으로 버스, 지하철 등의 이용이 어려운 자 (노인 요양등급 1~2급 등록자)","지원내용
장애인복지법시행규칙 제2조 제1항에 따른 장애정도가 심한 장애인으로 버스, 지하철 이용이 어려운 자, 65세 이상으로 버스, 지하철 등의 이용이 어려운 자 (노인 요양등급 1~2급 등록자)에 대한 교통시설 제공",교통약자 이용문의 (☎1577-5909),,"고령자,취약계층","직접금전지원,감면할인지원,교통지원","(1) 장애인복지법시행규칙 제2조 제1항에 따른 장애정도가 심한 장애인으로서 버스, 지하철 이용이 어려운 자
(2) 65세 이상으로 버스, 지하철 등의 이용이 어려운 자 ( 노인 요양등급 1~2급 등록자 )","(1) 장애인복지법시행규칙 제2조 제1항에 따른 장애정도가 심한 장애인으로서 버스, 지하철 이용이 어려운 자
(2) 65세 이상으로 버스, 지하철 등의 이용이 어려운 자 ( 노인 요양등급 1~2급 등록자 )","(1) 장애인복지법시행규칙 제2조 제1항에 따른 장애정도가 심한 장애인으로 버스, 지하철 이용이 어려운 자, 65세 이상으로 버스, 지하철 등의 이용이 어려운 자 ( 노인 요양등급 1~2급 등록자 ) 에 대한 교통시설 제공","(1) 장애인복지법시행규칙 제2조 제1항에 따른 장애정도가 심한 장애인으로 버스, 지하철 이용이 어려운 자, 65세 이상으로 버스, 지하철 등의 이용이 어려운 자 ( 노인 요양등급 1~2급 등록자 ) 에 대한 교통시설 제공","[[65, 200]]",True,['임산부'],"['직접금전지원', '감면할인지원', '교통지원']","['고령자', '취약계층']",True,True,False,False,False,True,True,240,238,-0.008403361344537785,
한부모,경기도/고양시,사회적약자 등 채용 우대,https://www.gov.kr/portal/rcvfvrSvc/dtlEx/O00046400016?administOrgCd=ALL,상시신청,"○ 온라인 신청 : www.artgy.or.kr

○ 방문 신청

○ 기타
 - 전화 : 전화예매(1577-7766)",고양문화재단,서비스(일자리),"지원대상
국가보훈대상자, 의상자, 장애인, 북한이탈주민, 청년미취업자, 다문화가족, 한부모가족 자녀","지원내용
○ 채용시 사회적 약자 우대
 - 「국가유공자 등 예우 및 지원에 관한 법률」 에 의한 취업지원대상자 증명서 소지자
 - 「의사상자 등 예우 및 지원에 관한 법률」에 의한 의사상자 증명서 소지자
 - 「장애인 고용촉진 및 직업재활법」 에 의한 장애인 증명서 소지자
 - 「북한이탈주민의 보호 및 정착지원에 관한 법률」에 의한 북한이탈주민 등록확인서 소지자
 - 「청년고용촉진 특별법」에 이한 미취업자 증빙서류 보유자
 - 「다문화가족지원법」에 의한 관련 증명서류 소지자
 - 「한부모가족지원법」에 의한 한부모가족 증명서 소지자",인사혁신팀 (☎031-960-9712),,"한부모,구직/취업,다문화,취약계층","문화예술,서비스,법률지원","(1) 국가보훈대상자, 의상자, 장애인, 북한이탈주민, 청년미취업자, 다문화가족, 한부모가족 자녀","(1) 국가보훈대상자, 의상자, 장애인, 북한이탈주민, 청년미취업자, 다문화가족, 한부모가족 자녀","(1) 채용시 사회적 약자 우대
 - 「국가유공자 등 예우 및 지원에 관한 법률」 에 의한 취업지원대상자 증명서 소지자
 - 「의사상자 등 예우 및 지원에 관한 법률」에 의한 의사상자 증명서 소지자
 - 「장애인 고용촉진 및 직업재활법」 에 의한 장애인 증명서 소지자
 - 「북한이탈주민의 보호 및 정착지원에 관한 법률」에 의한 북한이탈주민 등록확인서 소지자
 - 「청년고용촉진 특별법」에 이한 미취업자 증빙서류 보유자
 - 「다문화가족지원법」에 의한 관련 증명서류 소지자
 - 「한부모가족지원법」에 의한 한부모가족 증명서 소지자",채용시 사회적 약자를 우대하고 사회적약자 우대를 위해 사회적약을 우대해야 한다.,[],False,['한부모'],"['문화예술', '서비스', '법률지원']","['한부모', '구직', '취업', '다문화', '취약계층']",False,False,False,False,True,True,True,99,355,0.7211267605633802,
임산부,경기도/고양시,산모·신생아 건강관리 지원,https://www.gov.kr/portal/rcvfvrSvc/dtlEx/394000000113?administOrgCd=ALL,상시신청,"○ 온라인 신청 
 - 복지로 : http://www.bokjiro.go.kr
 - 정부24 : https://www.gov.kr

○ 방문 신청
 - 보건소 : 관할 보건소 방문
 - 구비서류 : 임신확인서, 신분증(본인, 배우자) 등 서류 지참(사실혼, 사업자 등의 경우 관할 보건소 문의)",보건소,서비스(돌봄),"지원대상
○ 분만예정일40일전~분만후 60일이내의 관내 임산부
중복혜택 안돼요
입양숙려기간 모자지원","지원내용
○ 출산가정에 건강관리사 파견하여 산모신생아 건강관리 지원","덕양구보건소 (☎031-8075-4029)
일산동구보건소 (☎031-8075-4118)
일산서구보건소 (☎031-8075-4195)",,임신/출산/육아,서비스,"(1) 분만예정일40일전~분만후 60일이내의 관내 임산부
 - 중복혜택 안돼요
 - 입양숙려기간 모자지원","분만예정일40일전~분만후 60일이내의 관내 임산부 중복혜택 안되요 입양숙려기간 모자지원, 입양을숙고하는 기간 모자 지원등은 중복 혜택이 안돼요",(1) 출산가정에 건강관리사 파견하여 산모신생아 건강관리 지원,출산가정에 건강관리사를 파견하여 산모신생아 건강관리를 지원한다. 출산가정에는 건강 관리사 파견을 통해 산모의 건강관리에 도움을 주고 있다.,[],False,['임산부'],['서비스'],"['임신', '출산', '육아']",False,False,False,False,True,True,True,157,93,-0.6881720430107527,
한부모,경기도/고양시,상수도요금 감면,https://www.gov.kr/portal/rcvfvrSvc/dtlEx/O00004100002?administOrgCd=ALL,상시신청,"○ 온라인 신청
 - 고양시 상하수도사업소 홈페이지 : water.goyang.go.kr

○ 방문 신청
 - 행정복지센터 : 신분증, 자격을 증명할 수 있는 서류(수급자증명서, 한부모가족증명서, 가족관계증명서, 국가유공자증, 등본 등) 지참하여 방문시 익월부터 반영",주민센터,현금(감면),"지원대상
○ 국민기초생활 수급자

○ 한부모가족

○ 다문화가족

○ 국가보훈대상자

○ 만 18세 미만의 자녀가 3명 이상인 세대","지원내용
○ 수도요금 월 최대 10톤에 해당하는 사용료 감면
 - 「국민기초생활 보장법」에 따른 수급자
 - 「한부모가족지원법」에 따른 한부모가족 
 - 다문화가족지원법」에 따른 다문화가족 
 - 「고양시 국가보훈대상자 등의 예우 및 지원에 관한 조례」에 따른 국가보훈대상자 또는 그 단체 
 - 고양시에 주민등록을 둔 만 18세 미만의 자녀가 3명 이상인 세대",상하수도사업소 수도행정과 (☎031-8075-4443),,"한부모,다문화,취약계층","직접금전지원,감면할인지원,문화예술","(1) 국민기초생활 수급자
(2) 한부모가족
(3) 다문화가족
(4) 국가보훈대상자
(5) 만 18세 미만의 자녀가 3명 이상인 세대","(1) 국민기초생활 수급자
(2) 한부모가족
(3) 다문화가족
(4) 국가보훈대상자
(5) 만 18세 미만의 자녀가 3명 이상인 세대","(1) 수도요금 월 최대 10톤에 해당하는 사용료 감면
 - 「국민기초생활 보장법」에 따른 수급자
 - 「한부모가족지원법」에 따른 한부모가족
 - 다문화가족지원법」에 따른 다문화가족
 - 「고양시 국가보훈대상자 등의 예우 및 지원에 관한 조례」에 따른 국가보훈대상자 또는 그 단체
 - 고양시에 주민등록을 둔 만 18세 미만의 자녀가 3명 이상인 세대",수도요금 월 최대 10톤에 해당하는 사용료 감면과 수도요금의 사용료를 감면한다.,"[[0, 17]]",True,['한부모'],"['직접금전지원', '감면할인지원', '문화예술']","['한부모', '다문화', '취약계층']",True,True,False,False,False,True,True,119,276,0.5688405797101449,
임산부,경기도/고양시,임신중 영양제 지원,https://www.gov.kr/portal/rcvfvrSvc/dtlEx/394000000127?administOrgCd=ALL,상시신청,"○ 방문 신청
 - 보건소 : 관할 보건소 방문
- 주민센터: 맘편한 임신 서비스로 영양제 지원 신청
○ 온라인 신청
-맘편한 임신 택배서비스: https://www.gov.kr/portal/fertility.do?Mcode=11169","주민센터,보건소",현물,"지원대상
○ 관내 주소지를 둔 임산부","지원내용
○ 임신중 철분제, 엽산제 지원",덕양구보건소 (☎031-8075-4032),,임신/출산/육아,물품지원,(1) 관내 주소지를 둔 임산부,(1) 관내 주소지를 둔 임산부,"(1) 임신중 철분제, 엽산제 지원","(1) 임신중 철분제, 엽산제 지원",[],False,['임산부'],['물품지원'],"['임신', '출산', '육아']",False,False,False,False,False,True,True,37,43,0.13953488372093026,
한부모,경기도/고양시,채용 우대(사회적약자),https://www.gov.kr/portal/rcvfvrSvc/dtlEx/O00004000005?administOrgCd=ALL,상시신청,"○ 방문 신청 
 - 채용 원서접수 시 증빙서류 제출",고양도시관리공사,서비스(일자리),"지원대상
○ 의상자

○ 장애인

○ 북한 이탈 주민

○ 청년미취업자(만 34세 이하)

○ 다문화가족 및 한부모가족 지원 대상자","지원내용
○ 채용시 5% 가산점 부여
 - 의상자
 - 장애인
 - 북한 이탈 주민
 - 청년미취업자(만 34세 이하)
 - 다문화가족 및 한부모가족 지원 대상자",인사노무팀 (☎031-929-4800),,"한부모,구직/취업,다문화,취약계층","문화예술,서비스","(1) 의상자
(2) 장애인
(3) 북한 이탈 주민
(4) 청년미취업자 ( 만 34세 이하 )
(5) 다문화가족 및 한부모가족 지원 대상자","(1) 의상자
(2) 장애인
(3) 북한 이탈 주민
(4) 청년미취업자 ( 만 34세 이하 )
(5) 다문화가족 및 한부모가족 지원 대상자","(1) 채용시 5% 가산점 부여
 - 의상자
 - 장애인
 - 북한 이탈 주민
 - 청년미취업자 ( 만 34세 이하 )
 - 다문화가족 및 한부모가족 지원 대상자",채용시 5%의 가산점을 부여한다.,"[[0, 34]]",True,['한부모'],"['문화예술', '서비스']","['한부모', '구직', '취업', '다문화', '취약계층']",False,False,False,False,True,True,True,96,164,0.41463414634146345,
한부모,경기도/고양시,청소년시설 이용요금 감면,https://www.gov.kr/portal/rcvfvrSvc/dtlEx/O00046500016?administOrgCd=ALL,상시신청,"○ 기타
 - 일산서구청소년수련관 시설사용 신청서 작성
 - 신청인이 재단 규정 내 감면 어느 항목에 해당하는지 확인
 - 해당 항목에 대한 행정서류 제출",,시설이용,"지원대상
1. 전액면제
 가. 청소년관련법에 따라 등록된 청소년단체가 청소년을 건전하게 육성하기 위해 
 개최하는 행사 또는 경기
 나. 국가 또는 지방자치단체가 주최·주관하는 행사
 다. 시장이 후원하는 초·중·고교, 청소년단체[ 및 문화예술단체의 전시 또는 공연
 라.「국민기초생활법」에 따른 수급자 또는 그 가족
 마.「아동복지법」에 따른 가정위탁 아동
 바.「한부모가족지원법」에 따른 한부모 가족
 사.「장애인복지법」에 따른 장애인 또는 그 가족
 아.「사회복지사업법」에 따른 사회복지시설의 청소년
 자.「다문화가족지원법」에 따른 다문화가족

2. 100분의 50감경
 가.「국가유공자 등 예우 및 지원에 관한 법률 시행령」제86조제1항의 각 호의 어느
 하나에 해당되는 사람
 나.「독립유공자예우에 관한 법률」제23조에 해당하는 사람
 다.「참전유공자 예우 및 단체설립에 관한 법률」제2조제2호에 해당하는 사람
 라.「고엽제후유의증 등 환자지원 및 단체설립에 관한 법률」제8조의3 각 호의 어느
 하나에 해당하는 사람
 마.「5·18민주유공자예우에 관한 법률 시행령」제58조에 해당하는 사람
 바.「특수임무유공자 예우 및 단체설립에 관한 법률 시행령」제58조에 해당하는 사람
 사.「의사상자 등 예우 및 지원에 관한 법률 시행령」제17조의2제1항에 각호의 어느
 하나에 해당하는 사람
 아.「국군포로의 송환 및 대우 등에 관한 법률」제2조제5호에 따른 등록포로 및 
 같은조 제3호에 따른 억류지 출신 포로가족
 자. 비영리를 목적으로 관내 청소년단체가 주최 또는 주관하는 행사
 차. 관내에 소재한 초·중·고교·대학의 학생들이 단체로 활동시설을 이용하는 경우","지원내용
일산서구청소년수련관 내 강의실, 강당, 대관",일산서구청소년수련관 (☎031-995-4172),,"한부모,임신/출산/육아,초/중/고등학생,대학(원)생,다문화,취약계층","감면할인지원,서비스","(1) 전액면제
 가. 청소년관련법에 따라 등록된 청소년단체가 청소년을 건전하게 육성하기 위해 
 개최하는 행사 또는 경기
 나. 국가 또는 지방자치단체가 주최·주관하는 행사
 다. 시장이 후원하는 초·중·고교, 청소년단체[ 및 문화예술단체의 전시 또는 공연
 라.「국민기초생활법」에 따른 수급자 또는 그 가족
 마.「아동복지법」에 따른 가정위탁 아동
 바.「한부모가족지원법」에 따른 한부모 가족
 사.「장애인복지법」에 따른 장애인 또는 그 가족
 아.「사회복지사업법」에 따른 사회복지시설의 청소년
 자.「다문화가족지원법」에 따른 다문화가족

(2) 100분의 50감경
 가.「국가유공자 등 예우 및 지원에 관한 법률 시행령」제86조제1항의 각 호의 어느
 하나에 해당되는 사람
 나.「독립유공자예우에 관한 법률」제23조에 해당하는 사람
 다.「참전유공자 예우 및 단체설립에 관한 법률」제2조제2호에 해당하는 사람
 라.「고엽제후유의증 등 환자지원 및 단체설립에 관한 법률」제8조의3 각 호의 어느
 하나에 해당하는 사람
 마.「5·18민주유공자예우에 관한 법률 시행령」제58조에 해당하는 사람
 바.「특수임무유공자 예우 및 단체설립에 관한 법률 시행령」제58조에 해당하는 사람
 사.「의사상자 등 예우 및 지원에 관한 법률 시행령」제17조의2제1항에 각호의 어느
 하나에 해당하는 사람
 아.「국군포로의 송환 및 대우 등에 관한 법률」제2조제5호에 따른 등록포로 및 
 같은조 제3호에 따른 억류지 출신 포로가족
 자. 비영리를 목적으로 관내 청소년단체가 주최 또는 주관하는 행사
 차. 관내에 소재한 초·중·고교·대학의 학생들이 단체로 활동시설을 이용하는 경우",청소년관련법에 따라 등록된 청소년단체가 청소년을 건전하게 육성하기 위해 개최하는 행사나 국가 또는 지방자치단체가 주최·주관하는 행사가 있다.,"(1) 일산서구청소년수련관 내 강의실, 강당, 대관","(1) 일산서구청소년수련관 내 강의실, 강당, 대관",[],False,['한부모'],"['감면할인지원', '서비스']","['한부모', '임신', '출산', '육아', '초', '중', '고등학생', '대학(원)생', '다문화', '취약계층']",True,False,False,False,True,True,True,107,852,0.8744131455399061,
한부모,경기도/고양시,청소년시설 평생교육강좌 이용요금 감면,https://www.gov.kr/portal/rcvfvrSvc/dtlEx/O00046500001?administOrgCd=ALL,접수기관 별 상이,"○ 온라인접수만 가능
○ 현장카드결제 불가 / 현장은 계좌이체만 가능",고양시청소년재단,시설이용,"지원대상
○ 50% 감면
 - 장애인(장애 1급~3급) : 본인 및 동행하는 보호자 1인 50%(동일강좌 등록 시)
 - 장애인(장애 4급~6급) : 본인 50%
 - 국가유공자 : 보훈대상자 지정 시 본인 50%
 - 국가유공자 : 보훈대상자 지정 없을 시 직계가족 1대 가능
 - 기초생활수급자 : 1대 가족 50%

○ 30% 감면
 - 다자녀(2자녀 이상) : 막내 자녀의 한국 나이가 20세가 되는 해의 마지막 날(12월 31일)까지 자녀만 30%
 - 다문화가정, 한부모가정 : 1대 가족 30%

○ 관련 증빙서류 제출 시 위와 같이 감면 가능","지원내용
일산서구청소년수련관 내 생활체육, 교육문화 강좌 강습",일산서구청소년수련관 (☎031-995-4176),,"한부모,초/중/고등학생,다문화,취약계층","감면할인지원,교육지원,문화예술,서비스","(1) 50% 감면
 - 장애인 ( 장애 1급~3급 ) : 본인 및 동행하는 보호자 1인 50% ( 동일강좌 등록 시 )
 - 장애인 ( 장애 4급~6급 ) : 본인 50%
 - 국가유공자 : 보훈대상자 지정 시 본인 50%
 - 국가유공자 : 보훈대상자 지정 없을 시 직계가족 1대 가능
 - 기초생활수급자 : 1대 가족 50%
(2) 30% 감면
 - 다자녀 ( 2자녀 이상 ) : 막내 자녀의 한국 나이가 20세가 되는 해의 마지막 날 ( 12월 31일 ) 까지 자녀만 30%
 - 다문화가정, 한부모가정 : 1대 가족 30%
(3) 관련 증빙서류 제출 시 위와 같이 감면 가능",50% 감면 30% 감면 관련 증빙서류 제출 시 위와 같이 감면 가능하다.,"(1) 일산서구청소년수련관 내 생활체육, 교육문화 강좌 강습","일산서구청소년수련관 내 생활체육, 교육문화 강좌를 강습한다.",[],False,['한부모'],"['감면할인지원', '교육지원', '문화예술', '서비스']","['한부모', '초', '중', '고등학생', '다문화', '취약계층']",True,False,False,False,True,False,True,75,346,0.7832369942196532,
한부모,경기도/고양시,하수도요금 감면,https://www.gov.kr/portal/rcvfvrSvc/dtlEx/O00004100001?administOrgCd=ALL,상시신청,"○ 온라인 신청
 - 고양시 상하수도사업소 홈페이지 : water.goyang.go.kr

○ 방문 신청
 - 행정복지센터: 신분증, 자격을 증명할 수 있는 서류(수급자증명서, 한부모가족증명서, 가족관계증명서, 국가유공자증, 등본 등) 지참하여 방문시 익월부터 반영",주민센터,현금(감면),"지원대상
○ 국민기초생활 수급자

○ 한부모가족

○ 다문화가족

○ 국가보훈대상자

○ 만 18세 미만의 자녀가 3명 이상인 세대","지원내용
○ 하수도요금 월 최대 10톤에 해당하는 사용료 감면
 - 「국민기초생활 보장법」에 따른 수급자
 - 「한부모가족지원법」에 따른 한부모가족 
 - 다문화가족지원법」에 따른 다문화가족 
 - 「고양시 국가보훈대상자 등의 예우 및 지원에 관한 조례」에 따른 국가보훈대상자 또는 그 단체 
 - 고양시에 주민등록을 둔 만 18세 미만의 자녀가 3명 이상인 세대",상하수도사업소 하수행정과 (☎031-8075-4564),,"한부모,다문화,취약계층","직접금전지원,감면할인지원,문화예술","(1) 국민기초생활 수급자
(2) 한부모가족
(3) 다문화가족
(4) 국가보훈대상자
(5) 만 18세 미만의 자녀가 3명 이상인 세대","(1) 국민기초생활 수급자
(2) 한부모가족
(3) 다문화가족
(4) 국가보훈대상자
(5) 만 18세 미만의 자녀가 3명 이상인 세대","(1) 하수도요금 월 최대 10톤에 해당하는 사용료 감면
 - 「국민기초생활 보장법」에 따른 수급자
 - 「한부모가족지원법」에 따른 한부모가족
 - 다문화가족지원법」에 따른 다문화가족
 - 「고양시 국가보훈대상자 등의 예우 및 지원에 관한 조례」에 따른 국가보훈대상자 또는 그 단체
 - 고양시에 주민등록을 둔 만 18세 미만의 자녀가 3명 이상인 세대",하수도요금은 월 최대 10톤에 해당하는 사용료를 감면한다.,"[[0, 17]]",True,['한부모'],"['직접금전지원', '감면할인지원', '문화예술']","['한부모', '다문화', '취약계층']",True,True,False,False,False,True,True,107,277,0.6137184115523466,
임산부,경기도/과천시,기형아선별검사 쿠폰 지원,https://www.gov.kr/portal/rcvfvrSvc/dtlEx/397000000112?administOrgCd=ALL,상시신청,"○ 방문신청: 과천시보건소 건강증진과 모자건강팀(신분증, 임신확인서 지참)",보건소,이용권,"지원대상
○ 임신 16~18주의 관내 임신부","지원내용
○ 지원내용 : 2차 태아기형검사 쿠폰지원
 - 쿠폰지원가능병원 - 봄빛병원, 산본제일병원, 필산부인과, 김지영산부인과",건강증진과 모자건강팀 (☎02-2150-3843),,임신/출산/육아,이용권,(1) 임신 16~18주의 관내 임신부,(1) 임신 16~18주의 관내 임신부,"(1) 2차 태아기형검사 쿠폰지원
 - 쿠폰지원가능병원 - 봄빛병원, 산본제일병원, 필산부인과, 김지영산부인과",2차 태아기형검사 쿠폰지원으로 2차태아 기형 검사 쿠폰을 지원한다.,[],False,['임산부'],['이용권'],"['임신', '출산', '육아']",True,False,False,False,False,True,True,59,96,0.38541666666666663,
임산부,경기도/과천시,임신축하금 지원,https://www.gov.kr/portal/rcvfvrSvc/dtlEx/397000000142?administOrgCd=ALL,상시신청,"1. 온라인 신청: 정부24
2. 방문신청: 과천시보건소 건강증진과 모자건강팀(신분증, 임신확인서 지참)",보건소,기타,"지원대상
주민등록상 3개월 이상 과천시 거주 보건소 등록 임산부","지원내용
○ 지원대상 : 주민등록상 3개월 이상 과천시 거주 보건소 등록 임산부
○ 지원내용 : 지역화폐(카드형) 20만원
○ 신청기간 : 임신을 확인하여 분만예정일이 확인된 때부터 출산 후 1개월 까지
○ 지급시기 : 신청일 기준 30일 이내","건강증진과 모자건강팀 (☎02-2150-3843)
건강증진과 모자건강팀 (☎02-2150-3844)",,임신/출산/육아,직접금전지원,(1) 주민등록상 3개월 이상 과천시 거주 보건소 등록 임산부,(1) 주민등록상 3개월 이상 과천시 거주 보건소 등록 임산부,"(1) 주민등록상 3개월 이상 과천시 거주 보건소 등록 임산부
(2) 지역화폐 ( 카드형 ) 20만원
(3) 신청기간 : 임신을 확인하여 분만예정일이 확인된 때부터 출산 후 1개월 까지
(4) 지급시기 : 신청일 기준 30일 이내",3개월 이상 과천시 거주 보건소 등록 임산부 지역화폐 20만원 신청기간 : 분만예정일이 확인된 때부터 출산 후 1개월 까지 지급시기 : 신청일 기준 30일 이내이다.,"[[0, 200]]",True,['임산부'],['직접금전지원'],"['임신', '출산', '육아']",True,True,False,False,False,True,True,127,172,0.2616279069767442,0.2
한부모,경기도/광명시,미혼모가족복지시설 퇴소자 자립지원금 지원,https://www.gov.kr/portal/rcvfvrSvc/dtlEx/390000000118?administOrgCd=ALL,접수기관 별 상이,"퇴소예정일 1개월 전, 시설->시군 지원 신청",입소시설,현금,"지원대상
미혼모자가족복지시설 1년 이상 입소 및 퇴소 후 관내 거주 예정된 세대로서, 다음 중 어느 하나에 해당하는 자
-입소기간 중 직업교육 후 자격증 취득 자
-취창업하여 3개월이상 안정적인 생활을 하는 자","지원내용
○ 미혼모자가족복지시설 1년 이상 입소 및 퇴소 후 관내 거주 예정세대 중 1,500만원 세대 직접 지원",여성가족과 (☎02-2680-5257),,"한부모,창업/자영업",직접금전지원,"(1) 미혼모자가족복지시설 1년 이상 입소 및 퇴소 후 관내 거주 예정된 세대로서, 다음 중 어느 하나에 해당하는 자
 - 입소기간 중 직업교육 후 자격증 취득 자
 - 취창업하여 3개월이상 안정적인 생활을 하는 자","미혼모자가족복지시설 1년 이상 입소 및 퇴소 후 관내 거주 예정된 세대로서, 다음 중 어느 하나에 해당하는 자이다.","(1) 미혼모자가족복지시설 1년 이상 입소 및 퇴소 후 관내 거주 예정세대 중 1,500만원 세대 직접 지원","미혼모자가족복지시설 1년 이상 입소 및 퇴소 후 관내 거주 예정세대 중 1,500만원 세대 직접 지원한다.","[[0, 200]]",True,['한부모'],['직접금전지원'],"['한부모', '창업', '자영업']",True,True,False,False,False,False,True,124,181,0.3149171270718232,15.0
임산부,경기도/광명시,임산부 산전 및 기형아 검사비 지원,https://www.gov.kr/portal/rcvfvrSvc/dtlEx/390000000106?administOrgCd=ALL,상시신청,"○ 방문 신청
 - (임산부)광명시 보건소 모자건강관리실 방문신청 ->(임산부)관내 지정병의원에서 쿠폰 제시 후 검사 -> (병의원) 보건소에 검사비 청구 -> (보건소) 매월 병의원에 검사비 일괄 지급",보건소,이용권,"지원대상
○ 광명시보건(분)소에서 등록을 한 관내 임산부","지원내용
○ 임산부 산전 검사비 지원 : 광명시 6~10주 임산부에게 산전 검사 쿠폰을 발급하여 검사비 본인부담금 일부 지원

○ 임산부 기형아 검사비 지원 : 광명시 14~18주 임산부에게 기형아 2차검사 쿠폰 발급하여 검사비 본인부담금 일부 지원",광명시보건소 (☎02-2680-5521),,임신/출산/육아,"이용권,의료지원",(1) 광명시보건 ( 분 ) 소에서 등록을 한 관내 임산부,(1) 광명시보건 ( 분 ) 소에서 등록을 한 관내 임산부,"(1) 임산부 산전 검사비 지원 : 광명시 6~10주 임산부에게 산전 검사 쿠폰을 발급하여 검사비 본인부담금 일부 지원
(2) 임산부 기형아 검사비 지원 : 광명시 14~18주 임산부에게 기형아 2차검사 쿠폰 발급하여 검사비 본인부담금 일부 지원","임산부 산전 검사비 지원, 기형아 2차검사 쿠폰 발급으로 본인부담금 일부 지원 등이 있다.",[],False,['임산부'],"['이용권', '의료지원']","['임신', '출산', '육아']",True,False,True,False,False,True,True,83,171,0.5146198830409356,
여성,경기도/광명시,저소득 장애인 생활안정 지원,https://www.gov.kr/portal/rcvfvrSvc/dtlEx/390000000115?administOrgCd=ALL,상시신청,"거주지 행정복지센터 방문신청
복지로 온라인 신청(여성장애인출산지원금만 해당)",주민센터,현금,"지원대상
○ 여성장애인 출산비 지원 
 - 여성장애인 출산 및 임신기간 4개월 이상의 태아를 유산, 사산한 자","지원내용
○ 여성장애인 출산금 지원 : 120만원(1회) / 예산 범위 내",장애인복지과 (☎02-2680-2237),,"임신/출산/육아,취약계층",직접금전지원,"(1) 여성장애인 출산비 지원
 - 여성장애인 출산 및 임신기간 4개월 이상의 태아를 유산, 사산한 자","(1) 여성장애인 출산비 지원
 - 여성장애인 출산 및 임신기간 4개월 이상의 태아를 유산, 사산한 자",(1) 여성장애인 출산금 지원 : 120만원 ( 1회 ) / 예산 범위 내,(1) 여성장애인 출산금 지원 : 120만원 ( 1회 ) / 예산 범위 내,"[[0, 200]]",True,['여성'],['직접금전지원'],"['임신', '출산', '육아', '취약계층']",True,True,False,False,False,True,True,99,103,0.03883495145631066,1.2
한부모,경기도/광명시,저소득세대 국민건강보험료 등 지원,https://www.gov.kr/portal/rcvfvrSvc/dtlEx/390000000101?administOrgCd=ALL,상시신청,광명시 차상위계층 등 명단 취합 → 국민건강보험공단 광명지사에서 기준 적합자 조회 및 확정 → 건강보험료 공단 계좌로 지급 → 대상자 건강보험료 면제,,현금(보험),"지원대상
○ 저소득세대 중 국민건강보험공단 광명시 지역가입자이며 고지된 금액 중 월별 최저보험료 이하인 세대
 1. 저소득세대란 소득인정액이 대통령령으로 정하는 기준 이하인 계층으로 소득인정액이 기준중위소득의 100분의 50 이하인 계층을 말한다.
 2. 저소득세대에「장애인복지법」제49조에 차상위 장애수당, 「한부모가족지원법」제5조 및 같은 법 시행규칙 제3조에 따른 부·모자가족을 포함한다.","지원내용
○ 저소득세대 중 국민건강보험공단 광명시 지역가입자이며 고지된 금액 중 건강보험료 월별 최저보험료 이하인 세대",장애인복지과 (☎02-2680-6895),,"한부모,취약계층","직접금전지원,보험료지원","(1) 저소득세대 중 국민건강보험공단 광명시 지역가입자이며 고지된 금액 중 월별 최저보험료 이하인 세대
(2) 1. 저소득세대란 소득인정액이 대통령령으로 정하는 기준 이하인 계층으로 소득인정액이 기준중위소득의 100분의 50 이하인 계층을 말한다.
(3) 2. 저소득세대에「장애인복지법」제49조에 차상위 장애수당, 「한부모가족지원법」제5조 및 같은 법 시행규칙 제3조에 따른 부·모자가족을 포함한다.",저소득세대란 소득인정액이 기준중위소득의 100분의 50 이하인 계층으로 장애인복지법에 따른 부·모자가족을 포함한다.,(1) 저소득세대 중 국민건강보험공단 광명시 지역가입자이며 고지된 금액 중 건강보험료 월별 최저보험료 이하인 세대,(1) 저소득세대 중 국민건강보험공단 광명시 지역가입자이며 고지된 금액 중 건강보험료 월별 최저보험료 이하인 세대,[],False,['한부모'],"['직접금전지원', '보험료지원']","['한부모', '취약계층']",True,True,False,False,False,True,True,128,287,0.554006968641115,
한부모,경기도/광주시,가사·간병 방문 지원,https://www.gov.kr/portal/rcvfvrSvc/dtlEx/554000000112?administOrgCd=ALL,상시신청,"○ 방문 신청 : 대상자 주민등록 주소지 관할 읍·면·동 주민센터
○ 온라인 신청 : 복지로 사이트(https://www.bokjiro.go.kr/)",주민센터,이용권,"지원대상
○ 만 65세 미만의 기준중위소득 70% 이하 계층 중 아래에 해당하는 사람으로 가사·간병 서비스가 필요한 자
 - 장애정도가 심한 장애인
 - 6개월 이상 치료를 요하는 중증질환자
 - 희귀난치성질환자
 - 소년소녀가정, 조손가정, 한부모가정
 - 만 65세 미만의 의료급여 수급자 중 장기입원 사례관리 퇴원자
 - 기타 시·군·구청장이 인정하는 자
중복혜택 안돼요
노인맞춤돌봄서비스, 노인장기요양 시설급여 지원, 노인장기요양 재가급여 지원, 장애인활동지원급여지원","지원내용
○ 신체수발 지원 : 목욕, 대소변, 옷 입기, 세면, 식사 등 보조

○ 건강 지원 : 체위 변경, 간단한 재활운동 보조 등

○ 가사 지원 : 청소, 식사준비, 양육보조 등

○ 일상생활 지원 : 외출 동행, 말벗, 생활상담 등",광주시청 복지정책과 (☎031-760-5609),,"한부모,임신/출산/육아,고령자,취약계층","이용권,상담지원","(1) 만 65세 미만의 기준중위소득 70% 이하 계층 중 아래에 해당하는 사람으로 가사·간병 서비스가 필요한 자
 - 장애정도가 심한 장애인
 - 6개월 이상 치료를 요하는 중증질환자
 - 희귀난치성질환자
 - 소년소녀가정, 조손가정, 한부모가정
 - 만 65세 미만의 의료급여 수급자 중 장기입원 사례관리 퇴원자
 - 기타 시·군·구청장이 인정하는 자
 - 중복혜택 안돼요
 - 노인맞춤돌봄서비스, 노인장기요양 시설급여 지원, 노인장기요양 재가급여 지원, 장애인활동지원급여지원",만 65세 미만의 기준중위소득 70% 이하 계층 중 아래에 해당하는 사람으로 가사·간병 서비스가 필요한 자 등,"(1) 신체수발 지원 : 목욕, 대소변, 옷 입기, 세면, 식사 등 보조
(2) 건강 지원 : 체위 변경, 간단한 재활운동 보조 등
(3) 가사 지원 : 청소, 식사준비, 양육보조 등
(4) 일상생활 지원 : 외출 동행, 말벗, 생활상담 등","신체수발 지원은 목욕, 대소변, 옷 입기, 세면, 식사 등 보조 건강 지원 : 체위 변경, 간단한 재활운동 보조 등 가사지원 : 청소, 식사준비, 양육보조 등 일상생활 지원: 외출 동행, 말벗, 생활상담 등을 ( 를 ) 지원합니다.","[[0, 200]]",True,['한부모'],"['이용권', '상담지원']","['한부모', '임신', '출산', '육아', '고령자', '취약계층']",True,False,False,False,False,True,True,191,400,0.5225,
한부모,경기도/광주시,공공체육시설 이용료 감액,https://www.gov.kr/portal/rcvfvrSvc/dtlEx/O00004900003?administOrgCd=ALL,상시신청,"○ 방문접수
 - 광주시 공공체육시설 직접방문 : 해당 증빙서류 지참",광주도시관리공사,현금(감면),"지원대상
○ 국민기초생활수급자, 경로자, 국가유공자와 그유족 또는 가족

○ 한부모가족지원법에의한 보호대상자,장애인복지카드소지자","지원내용
○ 체육시설 이용료 감면(50%)
 - 주민등록상 65세 이상인 사람
 -「국가유공자 등 예우 및 지원에 관한 법률」에 따른 유공자와 그유족 또는 가족 
 -「장애인복지법」에 의한 장애인복지카드를 소지한 사람
 -「국민기초생활 보장법」에 의한 국민기초생활보장 수급자
 -「한부모가족지원법」에 의한 보호대상자

※ 사용료를 면제 또는 감면 받고자 하는 자가 사용허가를 신청하는 경우에는 사용료의 면제나 감면사유를 증명할 수 있는 서류 등을 붙이거나 제시하여야 한다.",체육사업처 (☎070-7705-0507),,"한부모,고령자,취약계층","직접금전지원,감면할인지원,법률지원","(1) 국민기초생활수급자, 경로자, 국가유공자와 그유족 또는 가족
(2) 한부모가족지원법에의한 보호대상자,장애인복지카드소지자","(1) 국민기초생활수급자, 경로자, 국가유공자와 그유족 또는 가족
(2) 한부모가족지원법에의한 보호대상자,장애인복지카드소지자","(1) 체육시설 이용료 감면 ( 50% )
 - 주민등록상 65세 이상인 사람
 - 「국가유공자 등 예우 및 지원에 관한 법률」에 따른 유공자와 그유족 또는 가족
 - 「장애인복지법」에 의한 장애인복지카드를 소지한 사람
 - 「국민기초생활 보장법」에 의한 국민기초생활보장 수급자
 - 「한부모가족지원법」에 의한 보호대상자
(2) 사용료를 면제 또는 감면 받고자 하는 자가 사용허가를 신청하는 경우에는 사용료의 면제나 감면사유를 증명할 수 있는 서류 등을 붙이거나 제시하여야 한다.",체육시설 이용료 감면 사용료를 면제 또는 감면 받고자 하는 자가 사용허가를 신청하는 경우에는 사용료의 면제나 감면사유를 증명할 수 있는 서류 등을 붙이거나 제시하여야 한다.,[],False,['한부모'],"['직접금전지원', '감면할인지원', '법률지원']","['한부모', '고령자', '취약계층']",True,True,False,False,False,True,True,166,336,0.5059523809523809,
임산부,경기도/광주시,기형아 검사비 지원,https://www.gov.kr/portal/rcvfvrSvc/dtlEx/554000000131?administOrgCd=ALL,기형아 검사일로부터 6개월 이내,"방문신청, 온라인신청(보조금24)",보건소,현금,"지원대상
신청일 기준 등본 상 광주시민인 임신부
(기형아 검사일로부터 6개월 이내 신청)","지원내용
기형아 검사 1, 2차 검사비 중 3만원 범위 내 실비 지급",광주시 보건소 (☎031-760-4170),,임신/출산/육아,"직접금전지원,의료지원","(1) 신청일 기준 등본 상 광주시민인 임신부
(2) ( 기형아 검사일로부터 6개월 이내 신청 )","(1) 신청일 기준 등본 상 광주시민인 임신부
(2) ( 기형아 검사일로부터 6개월 이내 신청 )","(1) 기형아 검사 1, 2차 검사비 중 3만원 범위 내 실비 지급","(1) 기형아 검사 1, 2차 검사비 중 3만원 범위 내 실비 지급","[[0, 1]]",True,['임산부'],"['직접금전지원', '의료지원']","['임신', '출산', '육아']",True,True,True,False,False,False,True,92,88,-0.045454545454545414,0.03
한부모,경기도/광주시,돌봄 취약가구 반려동물 의료서비스 등 지원,https://www.gov.kr/portal/rcvfvrSvc/dtlEx/554000000163?administOrgCd=ALL,상시신청,방문 접수(행정복지센터 또는 농업정책과),"주민센터,시·군·구청",현금,"지원대상
관내 반려동물을 기르는 돌봄 취약가구
 - 중증장애인
 - 저소득가구
 - 한부모가정
 - 다문화가정
 - 저소득 1인가구","지원내용
○ 지원금액: 마리당 최대 20만원(본인부담금 20%(4만원) 포함)
○ 지원내용
 - (의료지원) 백신접종비, 중성화수술비, 기본검진 및 치료비(수술 포함) 등
 - (돌봄지원) 반려동물 돌봄위탁비(최대 10일이내)",농업정책과 (☎031-760-4419),,"1인가구,한부모,임신/출산/육아,다문화,취약계층","직접금전지원,의료지원,서비스","(1) 관내 반려동물을 기르는 돌봄 취약가구
 - 중증장애인
 - 저소득가구
 - 한부모가정
 - 다문화가정
 - 저소득 1인가구",관내 반려동물을 기르는 돌봄 취약가구 중 돌보 취약가구가 있다.,"(1) 마리당 최대 20만원 ( 본인부담금 20% (4만원 ) 포함)
 - ( 의료지원 ) 백신접종비, 중성화수술비, 기본검진 및 치료비 ( 수술 포함 ) 등
 - ( 돌봄지원 ) 반려동물 돌봄위탁비 ( 최대 10일이내 )",마리당 최대 20만원 ( 본인부담금 20% (4만원 ) 포함) 이다.,[],False,['한부모'],"['직접금전지원', '의료지원', '서비스']","['1인가구', '한부모', '임신', '출산', '육아', '다문화', '취약계층']",True,True,True,False,True,True,True,74,200,0.63,0.2
